震源编号,震源坐标-x,震源坐标-y,震源坐标-z,发震时刻t,台站坐标-x,台站坐标-y,台站坐标-z,台站P波到时,震源-台站传播时间,震源事件文件名
1,522.4258,492.7805,388.7909,0,500,500,900,92.299998,92.299998,source_1
1,522.4258,492.7805,388.7909,0,783,500,783,84.799998,84.799998,source_1
1,522.4258,492.7805,388.7909,0,500,783,783,87.499999,87.499999,source_1
1,522.4258,492.7805,388.7909,0,500,217,783,86.300001,86.300001,source_1
1,522.4258,492.7805,388.7909,0,900,500,500,67.699999,67.699999,source_1
1,522.4258,492.7805,388.7909,0,700,846,500,71.3,71.3,source_1
1,522.4258,492.7805,388.7909,0,300,846,500,77.299997,77.299997,source_1
1,522.4258,492.7805,388.7909,0,100,500,500,77.299997,77.299997,source_1
1,522.4258,492.7805,388.7909,0,300,154,500,73.700003,73.700003,source_1
1,522.4258,492.7805,388.7909,0,700,154,500,67.699999,67.699999,source_1
1,522.4258,492.7805,388.7909,0,700,700,217,49.1,49.1,source_1
1,522.4258,492.7805,388.7909,0,300,700,217,57.500001,57.500001,source_1
1,522.4258,492.7805,388.7909,0,300,300,217,53.9,53.9,source_1
1,522.4258,492.7805,388.7909,0,700,300,217,47.600001,47.600001,source_1
1,522.4258,492.7805,388.7909,0,500,500,100,42.800002,42.800002,source_1
2,508.3887,481.3181,677.4014,0,500,500,900,24.800001,24.800001,source_2
2,508.3887,481.3181,677.4014,0,783,500,783,42.800002,42.800002,source_2
2,508.3887,481.3181,677.4014,0,500,783,783,49.699999,49.699999,source_2
2,508.3887,481.3181,677.4014,0,217,500,783,47.899999,47.899999,source_2
2,508.3887,481.3181,677.4014,0,500,217,783,41.6,41.6,source_2
2,508.3887,481.3181,677.4014,0,900,500,500,77.299997,77.299997,source_2
2,508.3887,481.3181,677.4014,0,700,846,500,81.500001,81.500001,source_2
2,508.3887,481.3181,677.4014,0,300,846,500,82.400002,82.400002,source_2
2,508.3887,481.3181,677.4014,0,100,500,500,81.200004,81.200004,source_2
2,508.3887,481.3181,677.4014,0,300,154,500,76.700002,76.700002,source_2
2,508.3887,481.3181,677.4014,0,700,154,500,73.100001,73.100001,source_2
2,508.3887,481.3181,677.4014,0,500,500,100,109.999999,109.999999,source_2
3,471.9653,479.0004,562.5142,0,500,500,900,53.599998,53.599998,source_3
3,471.9653,479.0004,562.5142,0,783,500,783,61.999999,61.999999,source_3
3,471.9653,479.0004,562.5142,0,500,783,783,60.800001,60.800001,source_3
3,471.9653,479.0004,562.5142,0,217,500,783,52.700002,52.700002,source_3
3,471.9653,479.0004,562.5142,0,500,217,783,53.9,53.9,source_3
3,471.9653,479.0004,562.5142,0,900,500,500,76.099999,76.099999,source_3
3,471.9653,479.0004,562.5142,0,700,846,500,76.099999,76.099999,source_3
3,471.9653,479.0004,562.5142,0,300,846,500,70.4,70.4,source_3
3,471.9653,479.0004,562.5142,0,100,500,500,61.999999,61.999999,source_3
3,471.9653,479.0004,562.5142,0,300,154,500,61.700001,61.700001,source_3
3,471.9653,479.0004,562.5142,0,700,154,500,68.899997,68.899997,source_3
3,471.9653,479.0004,562.5142,0,300,700,217,76.099999,76.099999,source_3
3,471.9653,479.0004,562.5142,0,300,300,217,71.3,71.3,source_3
3,471.9653,479.0004,562.5142,0,500,500,100,81.200004,81.200004,source_3
4,676.7615,382.1277,304.973,0,500,500,900,125.599995,125.599995,source_4
4,676.7615,382.1277,304.973,0,783,500,783,96.500002,96.500002,source_4
4,676.7615,382.1277,304.973,0,500,217,783,104.900002,104.900002,source_4
4,676.7615,382.1277,304.973,0,900,500,500,48.799999,48.799999,source_4
4,676.7615,382.1277,304.973,0,700,846,500,96.500002,96.500002,source_4
4,676.7615,382.1277,304.973,0,100,500,500,124.399997,124.399997,source_4
4,676.7615,382.1277,304.973,0,300,154,500,91.700003,91.700003,source_4
4,676.7615,382.1277,304.973,0,700,154,500,44,44,source_4
4,676.7615,382.1277,304.973,0,700,700,217,52.4,52.4,source_4
4,676.7615,382.1277,304.973,0,300,700,217,108.800001,108.800001,source_4
4,676.7615,382.1277,304.973,0,300,300,217,70.100002,70.100002,source_4
4,676.7615,382.1277,304.973,0,500,500,100,42.800002,42.800002,source_4
5,560.1078,563.5941,463.3436,0,500,500,900,77.600002,77.600002,source_5
5,560.1078,563.5941,463.3436,0,783,500,783,67.100003,67.100003,source_5
5,560.1078,563.5941,463.3436,0,500,783,783,66.500001,66.500001,source_5
5,560.1078,563.5941,463.3436,0,217,500,783,82.699999,82.699999,source_5
5,560.1078,563.5941,463.3436,0,500,217,783,83.300002,83.300002,source_5
5,560.1078,563.5941,463.3436,0,900,500,500,68.300001,68.300001,source_5
5,560.1078,563.5941,463.3436,0,700,846,500,47.600001,47.600001,source_5
5,560.1078,563.5941,463.3436,0,300,846,500,76.099999,76.099999,source_5
5,560.1078,563.5941,463.3436,0,100,500,500,94.400004,94.400004,source_5
5,560.1078,563.5941,463.3436,0,300,154,500,98.899998,98.899998,source_5
5,560.1078,563.5941,463.3436,0,700,154,500,85.699998,85.699998,source_5
5,560.1078,563.5941,463.3436,0,700,700,217,46.700001,46.700001,source_5
5,560.1078,563.5941,463.3436,0,300,700,217,61.999999,61.999999,source_5
5,560.1078,563.5941,463.3436,0,300,300,217,77.299997,77.299997,source_5
5,560.1078,563.5941,463.3436,0,700,300,217,62.3,62.3,source_5
5,560.1078,563.5941,463.3436,0,500,500,100,61.099999,61.099999,source_5
6,428.0301,646.105,394.3944,0,500,500,900,101.300001,101.300001,source_6
6,428.0301,646.105,394.3944,0,500,783,783,74.900001,74.900001,source_6
6,428.0301,646.105,394.3944,0,217,500,783,86.300001,86.300001,source_6
6,428.0301,646.105,394.3944,0,900,500,500,107.600003,107.600003,source_6
6,428.0301,646.105,394.3944,0,700,846,500,58.1,58.1,source_6
6,428.0301,646.105,394.3944,0,300,846,500,34.1,34.1,source_6
6,428.0301,646.105,394.3944,0,100,500,500,64.400002,64.400002,source_6
6,428.0301,646.105,394.3944,0,300,154,500,212.300003,212.300003,source_6
6,428.0301,646.105,394.3944,0,700,154,500,119.3,119.3,source_6
6,428.0301,646.105,394.3944,0,700,700,217,52.4,52.4,source_6
6,428.0301,646.105,394.3944,0,300,700,217,25.1,25.1,source_6
6,428.0301,646.105,394.3944,0,300,300,217,72.499998,72.499998,source_6
6,428.0301,646.105,394.3944,0,700,300,217,88.100001,88.100001,source_6
6,428.0301,646.105,394.3944,0,500,500,100,53.9,53.9,source_6
7,575.611,478.3348,603.5613,0,500,500,900,46.399999,46.399999,source_7
7,575.611,478.3348,603.5613,0,783,500,783,37.999999,37.999999,source_7
7,575.611,478.3348,603.5613,0,500,783,783,60.5,60.5,source_7
7,575.611,478.3348,603.5613,0,217,500,783,71.3,71.3,source_7
7,575.611,478.3348,603.5613,0,500,217,783,51.199999,51.199999,source_7
7,575.611,478.3348,603.5613,0,900,500,500,55.7,55.7,source_7
7,575.611,478.3348,603.5613,0,700,846,500,71.3,71.3,source_7
7,575.611,478.3348,603.5613,0,300,846,500,95.299996,95.299996,source_7
7,575.611,478.3348,603.5613,0,100,500,500,100.699998,100.699998,source_7
7,575.611,478.3348,603.5613,0,300,154,500,78.500003,78.500003,source_7
7,575.611,478.3348,603.5613,0,700,154,500,60.800001,60.800001,source_7
7,575.611,478.3348,603.5613,0,700,700,217,80.899999,80.899999,source_7
7,575.611,478.3348,603.5613,0,300,300,217,90.499997,90.499997,source_7
7,575.611,478.3348,603.5613,0,700,300,217,77.9,77.9,source_7
7,575.611,478.3348,603.5613,0,500,500,100,91.700003,91.700003,source_7
8,542.6943,639.074,456.3869,0,500,500,900,86.300001,86.300001,source_8
8,542.6943,639.074,456.3869,0,783,500,783,77.299997,77.299997,source_8
8,542.6943,639.074,456.3869,0,500,783,783,59.599999,59.599999,source_8
8,542.6943,639.074,456.3869,0,500,217,783,99.200003,99.200003,source_8
8,542.6943,639.074,456.3869,0,900,500,500,76.099999,76.099999,source_8
8,542.6943,639.074,456.3869,0,700,846,500,37.700001,37.700001,source_8
8,542.6943,639.074,456.3869,0,100,500,500,97.099997,97.099997,source_8
8,542.6943,639.074,456.3869,0,300,154,500,111.199997,111.199997,source_8
8,542.6943,639.074,456.3869,0,700,154,500,240.500003,240.500003,source_8
8,542.6943,639.074,456.3869,0,700,700,217,43.099999,43.099999,source_8
8,542.6943,639.074,456.3869,0,300,700,217,56.299999,56.299999,source_8
8,542.6943,639.074,456.3869,0,300,300,217,86.300001,86.300001,source_8
8,542.6943,639.074,456.3869,0,700,300,217,79.700001,79.700001,source_8
8,542.6943,639.074,456.3869,0,500,500,100,65.899998,65.899998,source_8
9,359.0443,373.9848,393.714,0,500,500,900,104.900002,104.900002,source_9
9,359.0443,373.9848,393.714,0,217,500,783,78.500003,78.500003,source_9
9,359.0443,373.9848,393.714,0,500,217,783,81.200004,81.200004,source_9
9,359.0443,373.9848,393.714,0,900,500,500,119.900003,119.900003,source_9
9,359.0443,373.9848,393.714,0,700,846,500,124.1,124.1,source_9
9,359.0443,373.9848,393.714,0,100,500,500,47.600001,47.600001,source_9
9,359.0443,373.9848,393.714,0,300,154,500,33.500001,33.500001,source_9
9,359.0443,373.9848,393.714,0,700,154,500,76.700002,76.700002,source_9
9,359.0443,373.9848,393.714,0,700,700,217,94.700001,94.700001,source_9
9,359.0443,373.9848,393.714,0,300,700,217,61.999999,61.999999,source_9
9,359.0443,373.9848,393.714,0,300,300,217,20,20,source_9
9,359.0443,373.9848,393.714,0,700,300,217,67.100003,67.100003,source_9
9,359.0443,373.9848,393.714,0,500,500,100,57.2,57.2,source_9
10,546.9016,510.5012,471.2368,0,500,500,900,73.100001,73.100001,source_10
10,546.9016,510.5012,471.2368,0,783,500,783,65.6,65.6,source_10
10,546.9016,510.5012,471.2368,0,500,783,783,71.3,71.3,source_10
10,546.9016,510.5012,471.2368,0,217,500,783,78.500003,78.500003,source_10
10,546.9016,510.5012,471.2368,0,500,217,783,73.700003,73.700003,source_10
10,546.9016,510.5012,471.2368,0,900,500,500,71.3,71.3,source_10
10,546.9016,510.5012,471.2368,0,700,846,500,72.800003,72.800003,source_10
10,546.9016,510.5012,471.2368,0,300,846,500,82.699999,82.699999,source_10
10,546.9016,510.5012,471.2368,0,100,500,500,90.499997,90.499997,source_10
10,546.9016,510.5012,471.2368,0,300,154,500,85.699998,85.699998,source_10
10,546.9016,510.5012,471.2368,0,700,154,500,76.700002,76.700002,source_10
10,546.9016,510.5012,471.2368,0,700,700,217,53.9,53.9,source_10
10,546.9016,510.5012,471.2368,0,300,700,217,67.100003,67.100003,source_10
10,546.9016,510.5012,471.2368,0,300,300,217,68.300001,68.300001,source_10
10,546.9016,510.5012,471.2368,0,700,300,217,58.400001,58.400001,source_10
10,546.9016,510.5012,471.2368,0,500,500,100,62.3,62.3,source_10
11,334.6748,352.3857,355.2557,0,500,500,900,116.899997,116.899997,source_11
11,334.6748,352.3857,355.2557,0,783,500,783,124.1,124.1,source_11
11,334.6748,352.3857,355.2557,0,500,783,783,124.1,124.1,source_11
11,334.6748,352.3857,355.2557,0,217,500,783,86.300001,86.300001,source_11
11,334.6748,352.3857,355.2557,0,500,217,783,88.100001,88.100001,source_11
11,334.6748,352.3857,355.2557,0,900,500,500,131.899998,131.899998,source_11
11,334.6748,352.3857,355.2557,0,700,846,500,138.500005,138.500005,source_11
11,334.6748,352.3857,355.2557,0,300,846,500,100.100003,100.100003,source_11
11,334.6748,352.3857,355.2557,0,100,500,500,47.899999,47.899999,source_11
11,334.6748,352.3857,355.2557,0,300,154,500,31.099999,31.099999,source_11
11,334.6748,352.3857,355.2557,0,700,154,500,81.500001,81.500001,source_11
11,334.6748,352.3857,355.2557,0,700,700,217,100.400001,100.400001,source_11
11,334.6748,352.3857,355.2557,0,300,700,217,62.899999,62.899999,source_11
11,334.6748,352.3857,355.2557,0,700,300,217,67.699999,67.699999,source_11
11,334.6748,352.3857,355.2557,0,500,500,100,54.499999,54.499999,source_11
12,618.2222,497.9139,462.3088,0,500,500,900,81.200004,81.200004,source_12
12,618.2222,497.9139,462.3088,0,783,500,783,59.300002,59.300002,source_12
12,618.2222,497.9139,462.3088,0,500,783,783,78.500003,78.500003,source_12
12,618.2222,497.9139,462.3088,0,500,217,783,78.500003,78.500003,source_12
12,618.2222,497.9139,462.3088,0,900,500,500,42.5,42.5,source_12
12,618.2222,497.9139,462.3088,0,700,846,500,71.3,71.3,source_12
12,618.2222,497.9139,462.3088,0,300,846,500,96.799999,96.799999,source_12
12,618.2222,497.9139,462.3088,0,100,500,500,106.399998,106.399998,source_12
12,618.2222,497.9139,462.3088,0,300,154,500,95.299996,95.299996,source_12
12,618.2222,497.9139,462.3088,0,700,154,500,71.3,71.3,source_12
12,618.2222,497.9139,462.3088,0,700,700,217,51.5,51.5,source_12
12,618.2222,497.9139,462.3088,0,300,700,217,79.999998,79.999998,source_12
12,618.2222,497.9139,462.3088,0,300,300,217,79.700001,79.700001,source_12
12,618.2222,497.9139,462.3088,0,700,300,217,49.1,49.1,source_12
12,618.2222,497.9139,462.3088,0,500,500,100,64.400002,64.400002,source_12
13,431.5081,327.8349,532.2314,0,500,500,900,72.800003,72.800003,source_13
13,431.5081,327.8349,532.2314,0,783,500,783,86.000003,86.000003,source_13
13,431.5081,327.8349,532.2314,0,500,783,783,98.899998,98.899998,source_13
13,431.5081,327.8349,532.2314,0,217,500,783,61.999999,61.999999,source_13
13,431.5081,327.8349,532.2314,0,500,217,783,39.2,39.2,source_13
13,431.5081,327.8349,532.2314,0,900,500,500,257.299989,257.299989,source_13
13,431.5081,327.8349,532.2314,0,700,846,500,122.000001,122.000001,source_13
13,431.5081,327.8349,532.2314,0,300,846,500,260.899991,260.899991,source_13
13,431.5081,327.8349,532.2314,0,100,500,500,243.499994,243.499994,source_13
13,431.5081,327.8349,532.2314,0,700,154,500,65.300003,65.300003,source_13
13,431.5081,327.8349,532.2314,0,700,700,217,104.900002,104.900002,source_13
13,431.5081,327.8349,532.2314,0,300,700,217,95.299996,95.299996,source_13
13,431.5081,327.8349,532.2314,0,700,300,217,73.700003,73.700003,source_13
13,431.5081,327.8349,532.2314,0,500,500,100,86.300001,86.300001,source_13
14,380.6641,404.5184,308.6569,0,500,500,900,119.3,119.3,source_14
14,380.6641,404.5184,308.6569,0,500,783,783,119.3,119.3,source_14
14,380.6641,404.5184,308.6569,0,217,500,783,97.999997,97.999997,source_14
14,380.6641,404.5184,308.6569,0,500,217,783,100.400001,100.400001,source_14
14,380.6641,404.5184,308.6569,0,900,500,500,110.9,110.9,source_14
14,380.6641,404.5184,308.6569,0,700,846,500,114.799999,114.799999,source_14
14,380.6641,404.5184,308.6569,0,300,846,500,92.900001,92.900001,source_14
14,380.6641,404.5184,308.6569,0,100,500,500,57.500001,57.500001,source_14
14,380.6641,404.5184,308.6569,0,300,154,500,51.199999,51.199999,source_14
14,380.6641,404.5184,308.6569,0,700,154,500,82.400002,82.400002,source_14
14,380.6641,404.5184,308.6569,0,700,700,217,82.099997,82.099997,source_14
14,380.6641,404.5184,308.6569,0,300,700,217,48.500001,48.500001,source_14
14,380.6641,404.5184,308.6569,0,300,300,217,9.5,9.5,source_14
14,380.6641,404.5184,308.6569,0,700,300,217,57.2,57.2,source_14
14,380.6641,404.5184,308.6569,0,500,500,100,34.1,34.1,source_14
15,603.8729,628.8807,534.2367,0,500,500,900,70.4,70.4,source_15
15,603.8729,628.8807,534.2367,0,783,500,783,52.4,52.4,source_15
15,603.8729,628.8807,534.2367,0,500,783,783,49.1,49.1,source_15
15,603.8729,628.8807,534.2367,0,217,500,783,86.900003,86.900003,source_15
15,603.8729,628.8807,534.2367,0,500,217,783,90.800002,90.800002,source_15
15,603.8729,628.8807,534.2367,0,900,500,500,239.600003,239.600003,source_15
15,603.8729,628.8807,534.2367,0,300,846,500,76.099999,76.099999,source_15
15,603.8729,628.8807,534.2367,0,100,500,500,109.700002,109.700002,source_15
15,603.8729,628.8807,534.2367,0,300,154,500,115.999997,115.999997,source_15
15,603.8729,628.8807,534.2367,0,700,154,500,103.699997,103.699997,source_15
15,603.8729,628.8807,534.2367,0,300,700,217,80.899999,80.899999,source_15
15,603.8729,628.8807,534.2367,0,300,300,217,100.100003,100.100003,source_15
15,603.8729,628.8807,534.2367,0,700,300,217,84.799998,84.799998,source_15
15,603.8729,628.8807,534.2367,0,500,500,100,85.100003,85.100003,source_15
16,523.26,388.7724,469.6323,0,500,500,900,78.8,78.8,source_16
16,523.26,388.7724,469.6323,0,783,500,783,73.100001,73.100001,source_16
16,523.26,388.7724,469.6323,0,500,783,783,90.499997,90.499997,source_16
16,523.26,388.7724,469.6323,0,217,500,783,80.899999,80.899999,source_16
16,523.26,388.7724,469.6323,0,500,217,783,58.699999,58.699999,source_16
16,523.26,388.7724,469.6323,0,900,500,500,245.900005,245.900005,source_16
16,523.26,388.7724,469.6323,0,700,846,500,100.100003,100.100003,source_16
16,523.26,388.7724,469.6323,0,300,846,500,104.000002,104.000002,source_16
16,523.26,388.7724,469.6323,0,100,500,500,90.499997,90.499997,source_16
16,523.26,388.7724,469.6323,0,300,154,500,65.899998,65.899998,source_16
16,523.26,388.7724,469.6323,0,700,154,500,56.899998,56.899998,source_16
16,523.26,388.7724,469.6323,0,700,700,217,76.099999,76.099999,source_16
16,523.26,388.7724,469.6323,0,300,700,217,80.899999,80.899999,source_16
16,523.26,388.7724,469.6323,0,300,300,217,57.500001,57.500001,source_16
16,523.26,388.7724,469.6323,0,700,300,217,48.500001,48.500001,source_16
16,523.26,388.7724,469.6323,0,500,500,100,65.899998,65.899998,source_16
17,466.0531,556.5625,335.0452,0,500,500,900,106.700003,106.700003,source_17
17,466.0531,556.5625,335.0452,0,783,500,783,104.900002,104.900002,source_17
17,466.0531,556.5625,335.0452,0,500,783,783,95.299996,95.299996,source_17
17,466.0531,556.5625,335.0452,0,217,500,783,96.799999,96.799999,source_17
17,466.0531,556.5625,335.0452,0,500,217,783,104.900002,104.900002,source_17
17,466.0531,556.5625,335.0452,0,900,500,500,86.900003,86.900003,source_17
17,466.0531,556.5625,335.0452,0,700,846,500,71.900003,71.900003,source_17
17,466.0531,556.5625,335.0452,0,300,846,500,62.899999,62.899999,source_17
17,466.0531,556.5625,335.0452,0,100,500,500,71.599998,71.599998,source_17
17,466.0531,556.5625,335.0452,0,300,154,500,86.900003,86.900003,source_17
17,466.0531,556.5625,335.0452,0,700,154,500,94.099998,94.099998,source_17
17,466.0531,556.5625,335.0452,0,700,700,217,43.099999,43.099999,source_17
17,466.0531,556.5625,335.0452,0,300,700,217,33.500001,33.500001,source_17
17,466.0531,556.5625,335.0452,0,300,300,217,51.5,51.5,source_17
17,466.0531,556.5625,335.0452,0,700,300,217,61.999999,61.999999,source_17
17,466.0531,556.5625,335.0452,0,500,500,100,29.6,29.6,source_17
18,303.5793,466.7526,555.2376,0,500,500,900,68.899997,68.899997,source_18
18,303.5793,466.7526,555.2376,0,783,500,783,101.599999,101.599999,source_18
18,303.5793,466.7526,555.2376,0,500,783,783,79.999998,79.999998,source_18
18,303.5793,466.7526,555.2376,0,500,217,783,67.699999,67.699999,source_18
18,303.5793,466.7526,555.2376,0,900,500,500,126.499996,126.499996,source_18
18,303.5793,466.7526,555.2376,0,700,846,500,119.3,119.3,source_18
18,303.5793,466.7526,555.2376,0,300,846,500,66.500001,66.500001,source_18
18,303.5793,466.7526,555.2376,0,100,500,500,23.600001,23.600001,source_18
18,303.5793,466.7526,555.2376,0,300,154,500,47.600001,47.600001,source_18
18,303.5793,466.7526,555.2376,0,700,154,500,109.700002,109.700002,source_18
18,303.5793,466.7526,555.2376,0,700,700,217,108.800001,108.800001,source_18
18,303.5793,466.7526,555.2376,0,300,700,217,71.3,71.3,source_18
18,303.5793,466.7526,555.2376,0,300,300,217,61.700001,61.700001,source_18
18,303.5793,466.7526,555.2376,0,700,300,217,104.3,104.3,source_18
18,303.5793,466.7526,555.2376,0,500,500,100,95.299996,95.299996,source_18
19,361.6008,389.6333,457.7586,0,500,500,900,87.200001,87.200001,source_19
19,361.6008,389.6333,457.7586,0,783,500,783,101.300001,101.300001,source_19
19,361.6008,389.6333,457.7586,0,500,783,783,100.100003,100.100003,source_19
19,361.6008,389.6333,457.7586,0,217,500,783,61.999999,61.999999,source_19
19,361.6008,389.6333,457.7586,0,500,217,783,67.699999,67.699999,source_19
19,361.6008,389.6333,457.7586,0,900,500,500,114.500001,114.500001,source_19
19,361.6008,389.6333,457.7586,0,700,846,500,119.3,119.3,source_19
19,361.6008,389.6333,457.7586,0,300,846,500,95.299996,95.299996,source_19
19,361.6008,389.6333,457.7586,0,100,500,500,43.699998,43.699998,source_19
19,361.6008,389.6333,457.7586,0,300,154,500,32.900002,32.900002,source_19
19,361.6008,389.6333,457.7586,0,700,154,500,85.699998,85.699998,source_19
19,361.6008,389.6333,457.7586,0,700,700,217,95.600002,95.600002,source_19
19,361.6008,389.6333,457.7586,0,300,700,217,67.699999,67.699999,source_19
19,361.6008,389.6333,457.7586,0,300,300,217,34.400001,34.400001,source_19
19,361.6008,389.6333,457.7586,0,700,300,217,76.700002,76.700002,source_19
19,361.6008,389.6333,457.7586,0,500,500,100,68.000004,68.000004,source_19
20,592.688,473.8524,596.0691,0,500,500,900,47.899999,47.899999,source_20
20,592.688,473.8524,596.0691,0,783,500,783,35.9,35.9,source_20
20,592.688,473.8524,596.0691,0,500,783,783,61.999999,61.999999,source_20
20,592.688,473.8524,596.0691,0,217,500,783,74.900001,74.900001,source_20
20,592.688,473.8524,596.0691,0,500,217,783,52.4,52.4,source_20
20,592.688,473.8524,596.0691,0,900,500,500,50.900001,50.900001,source_20
20,592.688,473.8524,596.0691,0,700,846,500,68.899997,68.899997,source_20
20,592.688,473.8524,596.0691,0,100,500,500,104.3,104.3,source_20
20,592.688,473.8524,596.0691,0,300,154,500,79.999998,79.999998,source_20
20,592.688,473.8524,596.0691,0,700,154,500,57.2,57.2,source_20
20,592.688,473.8524,596.0691,0,700,700,217,80.899999,80.899999,source_20
20,592.688,473.8524,596.0691,0,300,700,217,95.299996,95.299996,source_20
20,592.688,473.8524,596.0691,0,700,300,217,75.499997,75.499997,source_20
20,592.688,473.8524,596.0691,0,500,500,100,91.1,91.1,source_20
21,525.4694,497.7307,602.5849,0,500,500,900,44,44,source_21
21,525.4694,497.7307,602.5849,0,783,500,783,47.899999,47.899999,source_21
21,525.4694,497.7307,602.5849,0,500,783,783,53.599998,53.599998,source_21
21,525.4694,497.7307,602.5849,0,217,500,783,59.900001,59.900001,source_21
21,525.4694,497.7307,602.5849,0,500,217,783,53.599998,53.599998,source_21
21,525.4694,497.7307,602.5849,0,900,500,500,66.500001,66.500001,source_21
21,525.4694,497.7307,602.5849,0,700,846,500,70.100002,70.100002,source_21
21,525.4694,497.7307,602.5849,0,300,846,500,76.099999,76.099999,source_21
21,525.4694,497.7307,602.5849,0,100,500,500,77.299997,77.299997,source_21
21,525.4694,497.7307,602.5849,0,300,154,500,74.900001,74.900001,source_21
21,525.4694,497.7307,602.5849,0,700,154,500,67.699999,67.699999,source_21
21,525.4694,497.7307,602.5849,0,700,700,217,80.899999,80.899999,source_21
21,525.4694,497.7307,602.5849,0,300,700,217,85.699998,85.699998,source_21
21,525.4694,497.7307,602.5849,0,300,300,217,85.699998,85.699998,source_21
21,525.4694,497.7307,602.5849,0,700,300,217,80.899999,80.899999,source_21
21,525.4694,497.7307,602.5849,0,500,500,100,89.299999,89.299999,source_21
22,598.585,508.2274,501.5197,0,500,500,900,71.900003,71.900003,source_22
22,598.585,508.2274,501.5197,0,783,500,783,52.700002,52.700002,source_22
22,598.585,508.2274,501.5197,0,500,783,783,67.699999,67.699999,source_22
22,598.585,508.2274,501.5197,0,217,500,783,84.799998,84.799998,source_22
22,598.585,508.2274,501.5197,0,500,217,783,71.599998,71.599998,source_22
22,598.585,508.2274,501.5197,0,900,500,500,241.999999,241.999999,source_22
22,598.585,508.2274,501.5197,0,300,846,500,39.799999,39.799999,source_22
22,598.585,508.2274,501.5197,0,100,500,500,51.800001,51.800001,source_22
22,598.585,508.2274,501.5197,0,300,154,500,42.199999,42.199999,source_22
22,598.585,508.2274,501.5197,0,700,154,500,73.700003,73.700003,source_22
22,598.585,508.2274,501.5197,0,700,700,217,57.500001,57.500001,source_22
22,598.585,508.2274,501.5197,0,300,700,217,79.099998,79.099998,source_22
22,598.585,508.2274,501.5197,0,300,300,217,80.300003,80.300003,source_22
22,598.585,508.2274,501.5197,0,700,300,217,61.099999,61.099999,source_22
22,598.585,508.2274,501.5197,0,500,500,100,71.900003,71.900003,source_22
23,464.4733,593.0754,396.0057,0,500,500,900,92.299998,92.299998,source_23
23,464.4733,593.0754,396.0057,0,783,500,783,90.499997,90.499997,source_23
23,464.4733,593.0754,396.0057,0,500,783,783,77.600002,77.600002,source_23
23,464.4733,593.0754,396.0057,0,217,500,783,82.699999,82.699999,source_23
23,464.4733,593.0754,396.0057,0,500,217,783,100.100003,100.100003,source_23
23,464.4733,593.0754,396.0057,0,900,500,500,94.700001,94.700001,source_23
23,464.4733,593.0754,396.0057,0,700,846,500,62.3,62.3,source_23
23,464.4733,593.0754,396.0057,0,300,846,500,50.000001,50.000001,source_23
23,464.4733,593.0754,396.0057,0,100,500,500,67.699999,67.699999,source_23
23,464.4733,593.0754,396.0057,0,300,154,500,100.400001,100.400001,source_23
23,464.4733,593.0754,396.0057,0,700,154,500,104.900002,104.900002,source_23
23,464.4733,593.0754,396.0057,0,700,700,217,47.600001,47.600001,source_23
23,464.4733,593.0754,396.0057,0,300,700,217,36.499999,36.499999,source_23
23,464.4733,593.0754,396.0057,0,300,300,217,66.500001,66.500001,source_23
23,464.4733,593.0754,396.0057,0,700,300,217,73.100001,73.100001,source_23
23,464.4733,593.0754,396.0057,0,500,500,100,47.899999,47.899999,source_23
24,590.8611,535.0479,605.0436,0,500,500,900,47.600001,47.600001,source_24
24,590.8611,535.0479,605.0436,0,783,500,783,35.9,35.9,source_24
24,590.8611,535.0479,605.0436,0,500,783,783,47.899999,47.899999,source_24
24,590.8611,535.0479,605.0436,0,217,500,783,73.700003,73.700003,source_24
24,590.8611,535.0479,605.0436,0,500,217,783,62.899999,62.899999,source_24
24,590.8611,535.0479,605.0436,0,900,500,500,52.4,52.4,source_24
24,590.8611,535.0479,605.0436,0,700,846,500,56.299999,56.299999,source_24
24,590.8611,535.0479,605.0436,0,300,846,500,78.500003,78.500003,source_24
24,590.8611,535.0479,605.0436,0,100,500,500,104.3,104.3,source_24
24,590.8611,535.0479,605.0436,0,300,154,500,100.100003,100.100003,source_24
24,590.8611,535.0479,605.0436,0,700,154,500,71.3,71.3,source_24
24,590.8611,535.0479,605.0436,0,700,700,217,76.099999,76.099999,source_24
24,590.8611,535.0479,605.0436,0,300,300,217,96.799999,96.799999,source_24
24,590.8611,535.0479,605.0436,0,700,300,217,82.699999,82.699999,source_24
24,590.8611,535.0479,605.0436,0,500,500,100,92.299998,92.299998,source_24
25,525.3639,580.4389,342.0596,0,500,500,900,105.499998,105.499998,source_25
25,525.3639,580.4389,342.0596,0,783,500,783,97.7,97.7,source_25
25,525.3639,580.4389,342.0596,0,500,783,783,91.1,91.1,source_25
25,525.3639,580.4389,342.0596,0,217,500,783,101.899996,101.899996,source_25
25,525.3639,580.4389,342.0596,0,900,500,500,74.299999,74.299999,source_25
25,525.3639,580.4389,342.0596,0,700,846,500,58.400001,58.400001,source_25
25,525.3639,580.4389,342.0596,0,300,846,500,66.500001,66.500001,source_25
25,525.3639,580.4389,342.0596,0,100,500,500,86.300001,86.300001,source_25
25,525.3639,580.4389,342.0596,0,300,154,500,96.500002,96.500002,source_25
25,525.3639,580.4389,342.0596,0,700,154,500,90.800002,90.800002,source_25
25,525.3639,580.4389,342.0596,0,700,700,217,31.099999,31.099999,source_25
25,525.3639,580.4389,342.0596,0,300,700,217,41.900001,41.900001,source_25
25,525.3639,580.4389,342.0596,0,300,300,217,66.500001,66.500001,source_25
25,525.3639,580.4389,342.0596,0,700,300,217,57.500001,57.500001,source_25
25,525.3639,580.4389,342.0596,0,500,500,100,33.500001,33.500001,source_25
26,481.7863,411.8881,676.8404,0,500,500,900,28.4,28.4,source_26
26,481.7863,411.8881,676.8404,0,783,500,783,53.300001,53.300001,source_26
26,481.7863,411.8881,676.8404,0,500,783,783,67.699999,67.699999,source_26
26,481.7863,411.8881,676.8404,0,217,500,783,43.699998,43.699998,source_26
26,481.7863,411.8881,676.8404,0,500,217,783,23.600001,23.600001,source_26
26,481.7863,411.8881,676.8404,0,900,500,500,86.000003,86.000003,source_26
26,481.7863,411.8881,676.8404,0,700,846,500,99.5,99.5,source_26
26,481.7863,411.8881,676.8404,0,300,846,500,95.600002,95.600002,source_26
26,481.7863,411.8881,676.8404,0,100,500,500,77.600002,77.600002,source_26
26,481.7863,411.8881,676.8404,0,300,154,500,61.099999,61.099999,source_26
26,481.7863,411.8881,676.8404,0,700,154,500,66.500001,66.500001,source_26
26,481.7863,411.8881,676.8404,0,300,300,217,95.299996,95.299996,source_26
26,481.7863,411.8881,676.8404,0,700,300,217,99.5,99.5,source_26
26,481.7863,411.8881,676.8404,0,500,500,100,110.9,110.9,source_26
27,496.9415,558.8897,494.2293,0,500,500,900,68.300001,68.300001,source_27
27,496.9415,558.8897,494.2293,0,783,500,783,68.300001,68.300001,source_27
27,496.9415,558.8897,494.2293,0,500,783,783,59.599999,59.599999,source_27
27,496.9415,558.8897,494.2293,0,217,500,783,67.699999,67.699999,source_27
27,496.9415,558.8897,494.2293,0,500,217,783,77.600002,77.600002,source_27
27,496.9415,558.8897,494.2293,0,900,500,500,80.899999,80.899999,source_27
27,496.9415,558.8897,494.2293,0,700,846,500,68.000004,68.000004,source_27
27,496.9415,558.8897,494.2293,0,300,846,500,66.500001,66.500001,source_27
27,496.9415,558.8897,494.2293,0,100,500,500,80.899999,80.899999,source_27
27,496.9415,558.8897,494.2293,0,300,154,500,90.499997,90.499997,source_27
27,496.9415,558.8897,494.2293,0,700,154,500,90.499997,90.499997,source_27
27,496.9415,558.8897,494.2293,0,700,700,217,58.699999,58.699999,source_27
27,496.9415,558.8897,494.2293,0,300,700,217,58.699999,58.699999,source_27
27,496.9415,558.8897,494.2293,0,300,300,217,72.499998,72.499998,source_27
27,496.9415,558.8897,494.2293,0,700,300,217,73.100001,73.100001,source_27
27,496.9415,558.8897,494.2293,0,500,500,100,65.899998,65.899998,source_27
28,378.0298,511.3252,517.7445,0,500,500,900,69.200002,69.200002,source_28
28,378.0298,511.3252,517.7445,0,783,500,783,86.900003,86.900003,source_28
28,378.0298,511.3252,517.7445,0,500,783,783,67.100003,67.100003,source_28
28,378.0298,511.3252,517.7445,0,217,500,783,46.700001,46.700001,source_28
28,378.0298,511.3252,517.7445,0,500,217,783,72.499998,72.499998,source_28
28,378.0298,511.3252,517.7445,0,900,500,500,107.299998,107.299998,source_28
28,378.0298,511.3252,517.7445,0,700,846,500,96.799999,96.799999,source_28
28,378.0298,511.3252,517.7445,0,300,846,500,70.100002,70.100002,source_28
28,378.0298,511.3252,517.7445,0,100,500,500,52.099999,52.099999,source_28
28,378.0298,511.3252,517.7445,0,300,154,500,75.199999,75.199999,source_28
28,378.0298,511.3252,517.7445,0,700,154,500,100.100003,100.100003,source_28
28,378.0298,511.3252,517.7445,0,700,700,217,85.100003,85.100003,source_28
28,378.0298,511.3252,517.7445,0,300,700,217,61.099999,61.099999,source_28
28,378.0298,511.3252,517.7445,0,300,300,217,61.700001,61.700001,source_28
28,378.0298,511.3252,517.7445,0,700,300,217,86.300001,86.300001,source_28
28,378.0298,511.3252,517.7445,0,500,500,100,76.700002,76.700002,source_28
29,479.3665,478.3399,529.415,0,500,500,900,61.999999,61.999999,source_29
29,479.3665,478.3399,529.415,0,783,500,783,66.500001,66.500001,source_29
29,479.3665,478.3399,529.415,0,500,783,783,66.500001,66.500001,source_29
29,479.3665,478.3399,529.415,0,217,500,783,57.500001,57.500001,source_29
29,479.3665,478.3399,529.415,0,500,217,783,57.500001,57.500001,source_29
29,479.3665,478.3399,529.415,0,900,500,500,85.699998,85.699998,source_29
29,479.3665,478.3399,529.415,0,700,846,500,85.699998,85.699998,source_29
29,479.3665,478.3399,529.415,0,300,846,500,81.500001,81.500001,source_29
29,479.3665,478.3399,529.415,0,100,500,500,75.199999,75.199999,source_29
29,479.3665,478.3399,529.415,0,300,154,500,74.900001,74.900001,source_29
29,479.3665,478.3399,529.415,0,700,154,500,79.999998,79.999998,source_29
29,479.3665,478.3399,529.415,0,700,700,217,75.499997,75.499997,source_29
29,479.3665,478.3399,529.415,0,300,700,217,71.3,71.3,source_29
29,479.3665,478.3399,529.415,0,700,300,217,71.3,71.3,source_29
29,479.3665,478.3399,529.415,0,500,500,100,73.100001,73.100001,source_29
30,554.1443,418.4767,480.6289,0,500,500,900,73.700003,73.700003,source_30
30,554.1443,418.4767,480.6289,0,783,500,783,63.500002,63.500002,source_30
30,554.1443,418.4767,480.6289,0,500,783,783,85.699998,85.699998,source_30
30,554.1443,418.4767,480.6289,0,217,500,783,81.200004,81.200004,source_30
30,554.1443,418.4767,480.6289,0,500,217,783,60.800001,60.800001,source_30
30,554.1443,418.4767,480.6289,0,700,846,500,90.499997,90.499997,source_30
30,554.1443,418.4767,480.6289,0,300,846,500,100.100003,100.100003,source_30
30,554.1443,418.4767,480.6289,0,100,500,500,93.199998,93.199998,source_30
30,554.1443,418.4767,480.6289,0,300,154,500,72.800003,72.800003,source_30
30,554.1443,418.4767,480.6289,0,700,154,500,56.899998,56.899998,source_30
30,554.1443,418.4767,480.6289,0,700,700,217,67.699999,67.699999,source_30
30,554.1443,418.4767,480.6289,0,300,700,217,80.300003,80.300003,source_30
30,554.1443,418.4767,480.6289,0,300,300,217,62.3,62.3,source_30
30,554.1443,418.4767,480.6289,0,700,300,217,47.899999,47.899999,source_30
30,554.1443,418.4767,480.6289,0,500,500,100,65.899998,65.899998,source_30
31,576.613,386.242,551.9654,0,500,500,900,61.999999,61.999999,source_31
31,576.613,386.242,551.9654,0,783,500,783,50.900001,50.900001,source_31
31,576.613,386.242,551.9654,0,500,783,783,83.300002,83.300002,source_31
31,576.613,386.242,551.9654,0,217,500,783,79.700001,79.700001,source_31
31,576.613,386.242,551.9654,0,500,217,783,41.900001,41.900001,source_31
31,576.613,386.242,551.9654,0,900,500,500,56.899998,56.899998,source_31
31,576.613,386.242,551.9654,0,700,846,500,100.699998,100.699998,source_31
31,576.613,386.242,551.9654,0,300,846,500,109.700002,109.700002,source_31
31,576.613,386.242,551.9654,0,100,500,500,104.3,104.3,source_31
31,576.613,386.242,551.9654,0,300,154,500,61.700001,61.700001,source_31
31,576.613,386.242,551.9654,0,700,154,500,37.999999,37.999999,source_31
31,576.613,386.242,551.9654,0,700,700,217,85.699998,85.699998,source_31
31,576.613,386.242,551.9654,0,300,700,217,96.799999,96.799999,source_31
31,576.613,386.242,551.9654,0,300,300,217,80.899999,80.899999,source_31
31,576.613,386.242,551.9654,0,700,300,217,61.099999,61.099999,source_31
31,576.613,386.242,551.9654,0,500,500,100,85.100003,85.100003,source_31
32,576.4897,403.7612,301.1209,0,500,500,900,119.3,119.3,source_32
32,576.4897,403.7612,301.1209,0,783,500,783,101.599999,101.599999,source_32
32,576.4897,403.7612,301.1209,0,217,500,783,118.4,118.4,source_32
32,576.4897,403.7612,301.1209,0,500,217,783,100.400001,100.400001,source_32
32,576.4897,403.7612,301.1209,0,900,500,500,68.000004,68.000004,source_32
32,576.4897,403.7612,301.1209,0,700,846,500,96.500002,96.500002,source_32
32,576.4897,403.7612,301.1209,0,300,846,500,110.299997,110.299997,source_32
32,576.4897,403.7612,301.1209,0,100,500,500,101.300001,101.300001,source_32
32,576.4897,403.7612,301.1209,0,300,154,500,76.700002,76.700002,source_32
32,576.4897,403.7612,301.1209,0,700,154,500,55.100001,55.100001,source_32
32,576.4897,403.7612,301.1209,0,700,700,217,52.4,52.4,source_32
32,576.4897,403.7612,301.1209,0,300,700,217,74.000001,74.000001,source_32
32,576.4897,403.7612,301.1209,0,300,300,217,46.700001,46.700001,source_32
32,576.4897,403.7612,301.1209,0,700,300,217,15.5,15.5,source_32
32,576.4897,403.7612,301.1209,0,500,500,100,28.4,28.4,source_32
33,484.1984,558.8979,576.6027,0,500,500,900,51.199999,51.199999,source_33
33,484.1984,558.8979,576.6027,0,783,500,783,60.800001,60.800001,source_33
33,484.1984,558.8979,576.6027,0,500,783,783,44,44,source_33
33,484.1984,558.8979,576.6027,0,217,500,783,53.9,53.9,source_33
33,484.1984,558.8979,576.6027,0,500,217,783,67.100003,67.100003,source_33
33,484.1984,558.8979,576.6027,0,900,500,500,74.900001,74.900001,source_33
33,484.1984,558.8979,576.6027,0,700,846,500,60.800001,60.800001,source_33
33,484.1984,558.8979,576.6027,0,300,846,500,57.2,57.2,source_33
33,484.1984,558.8979,576.6027,0,100,500,500,67.699999,67.699999,source_33
33,484.1984,558.8979,576.6027,0,300,154,500,80.899999,80.899999,source_33
33,484.1984,558.8979,576.6027,0,700,154,500,95.299996,95.299996,source_33
33,484.1984,558.8979,576.6027,0,700,700,217,76.099999,76.099999,source_33
33,484.1984,558.8979,576.6027,0,300,700,217,73.100001,73.100001,source_33
33,484.1984,558.8979,576.6027,0,300,300,217,82.699999,82.699999,source_33
33,484.1984,558.8979,576.6027,0,700,300,217,85.699998,85.699998,source_33
33,484.1984,558.8979,576.6027,0,500,500,100,85.100003,85.100003,source_33
34,530.0668,441.9273,647.1287,0,500,500,900,34.400001,34.400001,source_34
34,530.0668,441.9273,647.1287,0,783,500,783,42.800002,42.800002,source_34
34,530.0668,441.9273,647.1287,0,500,783,783,62.899999,62.899999,source_34
34,530.0668,441.9273,647.1287,0,217,500,783,57.500001,57.500001,source_34
34,530.0668,441.9273,647.1287,0,500,217,783,35.9,35.9,source_34
34,530.0668,441.9273,647.1287,0,900,500,500,71.3,71.3,source_34
34,530.0668,441.9273,647.1287,0,700,846,500,85.699998,85.699998,source_34
34,530.0668,441.9273,647.1287,0,300,846,500,90.499997,90.499997,source_34
34,530.0668,441.9273,647.1287,0,100,500,500,84.5,84.5,source_34
34,530.0668,441.9273,647.1287,0,300,154,500,68.000004,68.000004,source_34
34,530.0668,441.9273,647.1287,0,700,154,500,61.099999,61.099999,source_34
34,530.0668,441.9273,647.1287,0,700,700,217,95.600002,95.600002,source_34
34,530.0668,441.9273,647.1287,0,300,300,217,94.700001,94.700001,source_34
34,530.0668,441.9273,647.1287,0,500,500,100,101.899996,101.899996,source_34
35,456.518,397.6228,310.7838,0,500,500,900,115.699999,115.699999,source_35
35,456.518,397.6228,310.7838,0,783,500,783,112.099998,112.099998,source_35
35,456.518,397.6228,310.7838,0,500,783,783,119.3,119.3,source_35
35,456.518,397.6228,310.7838,0,217,500,783,104.900002,104.900002,source_35
35,456.518,397.6228,310.7838,0,500,217,783,96.799999,96.799999,source_35
35,456.518,397.6228,310.7838,0,900,500,500,94.099998,94.099998,source_35
35,456.518,397.6228,310.7838,0,700,846,500,105.2,105.2,source_35
35,456.518,397.6228,310.7838,0,300,846,500,99.200003,99.200003,source_35
35,456.518,397.6228,310.7838,0,100,500,500,74.900001,74.900001,source_35
35,456.518,397.6228,310.7838,0,300,154,500,57.2,57.2,source_35
35,456.518,397.6228,310.7838,0,700,154,500,67.699999,67.699999,source_35
35,456.518,397.6228,310.7838,0,700,700,217,70.699997,70.699997,source_35
35,456.518,397.6228,310.7838,0,300,700,217,58.1,58.1,source_35
35,456.518,397.6228,310.7838,0,300,300,217,22.700001,22.700001,source_35
35,456.518,397.6228,310.7838,0,700,300,217,38.3,38.3,source_35
35,456.518,397.6228,310.7838,0,500,500,100,28.7,28.7,source_35
36,493.9396,399.258,503.7631,0,500,500,900,70.4,70.4,source_36
36,493.9396,399.258,503.7631,0,783,500,783,70.100002,70.100002,source_36
36,493.9396,399.258,503.7631,0,500,783,783,84.799998,84.799998,source_36
36,493.9396,399.258,503.7631,0,217,500,783,68.300001,68.300001,source_36
36,493.9396,399.258,503.7631,0,500,217,783,51.199999,51.199999,source_36
36,493.9396,399.258,503.7631,0,900,500,500,248.300001,248.300001,source_36
36,493.9396,399.258,503.7631,0,700,846,500,100.100003,100.100003,source_36
36,493.9396,399.258,503.7631,0,300,846,500,100.100003,100.100003,source_36
36,493.9396,399.258,503.7631,0,100,500,500,247.700006,247.700006,source_36
36,493.9396,399.258,503.7631,0,300,154,500,61.700001,61.700001,source_36
36,493.9396,399.258,503.7631,0,700,154,500,63.500002,63.500002,source_36
36,493.9396,399.258,503.7631,0,700,700,217,80.300003,80.300003,source_36
36,493.9396,399.258,503.7631,0,300,700,217,80.300003,80.300003,source_36
36,493.9396,399.258,503.7631,0,300,300,217,57.500001,57.500001,source_36
36,493.9396,399.258,503.7631,0,700,300,217,61.099999,61.099999,source_36
36,493.9396,399.258,503.7631,0,500,500,100,71.900003,71.900003,source_36
37,395.7498,679.1355,527.1741,0,500,500,900,77.600002,77.600002,source_37
37,395.7498,679.1355,527.1741,0,783,500,783,95.600002,95.600002,source_37
37,395.7498,679.1355,527.1741,0,500,783,783,41.900001,41.900001,source_37
37,395.7498,679.1355,527.1741,0,217,500,783,58.699999,58.699999,source_37
37,395.7498,679.1355,527.1741,0,500,217,783,101.899996,101.899996,source_37
37,395.7498,679.1355,527.1741,0,900,500,500,261.200011,261.200011,source_37
37,395.7498,679.1355,527.1741,0,700,846,500,71.3,71.3,source_37
37,395.7498,679.1355,527.1741,0,300,846,500,18.5,18.5,source_37
37,395.7498,679.1355,527.1741,0,100,500,500,244.399995,244.399995,source_37
37,395.7498,679.1355,527.1741,0,300,154,500,262.100011,262.100011,source_37
37,395.7498,679.1355,527.1741,0,700,700,217,78.500003,78.500003,source_37
37,395.7498,679.1355,527.1741,0,300,700,217,49.1,49.1,source_37
37,395.7498,679.1355,527.1741,0,300,300,217,95.299996,95.299996,source_37
37,395.7498,679.1355,527.1741,0,700,300,217,109.700002,109.700002,source_37
37,395.7498,679.1355,527.1741,0,500,500,100,87.499999,87.499999,source_37
38,416.9858,430.1306,620.5274,0,500,500,900,45.200001,45.200001,source_38
38,416.9858,430.1306,620.5274,0,783,500,783,71.900003,71.900003,source_38
38,416.9858,430.1306,620.5274,0,500,783,783,68.899997,68.899997,source_38
38,416.9858,430.1306,620.5274,0,217,500,783,35.9,35.9,source_38
38,416.9858,430.1306,620.5274,0,500,217,783,39.2,39.2,source_38
38,416.9858,430.1306,620.5274,0,900,500,500,94.099998,94.099998,source_38
38,416.9858,430.1306,620.5274,0,700,846,500,95.600002,95.600002,source_38
38,416.9858,430.1306,620.5274,0,300,846,500,80.899999,80.899999,source_38
38,416.9858,430.1306,620.5274,0,100,500,500,57.2,57.2,source_38
38,416.9858,430.1306,620.5274,0,300,154,500,48.500001,48.500001,source_38
38,416.9858,430.1306,620.5274,0,700,154,500,72.800003,72.800003,source_38
38,416.9858,430.1306,620.5274,0,300,700,217,90.499997,90.499997,source_38
38,416.9858,430.1306,620.5274,0,300,300,217,77.9,77.9,source_38
38,416.9858,430.1306,620.5274,0,500,500,100,95.600002,95.600002,source_38
39,524.5179,569.5824,319.6909,0,500,500,900,110.9,110.9,source_39
39,524.5179,569.5824,319.6909,0,783,500,783,101.300001,101.300001,source_39
39,524.5179,569.5824,319.6909,0,500,783,783,97.099997,97.099997,source_39
39,524.5179,569.5824,319.6909,0,217,500,783,104.900002,104.900002,source_39
39,524.5179,569.5824,319.6909,0,900,500,500,76.399997,76.399997,source_39
39,524.5179,569.5824,319.6909,0,700,846,500,63.199997,63.199997,source_39
39,524.5179,569.5824,319.6909,0,300,846,500,70.100002,70.100002,source_39
39,524.5179,569.5824,319.6909,0,100,500,500,86.900003,86.900003,source_39
39,524.5179,569.5824,319.6909,0,300,154,500,96.500002,96.500002,source_39
39,524.5179,569.5824,319.6909,0,700,154,500,90.800002,90.800002,source_39
39,524.5179,569.5824,319.6909,0,700,700,217,28.7,28.7,source_39
39,524.5179,569.5824,319.6909,0,300,700,217,39.2,39.2,source_39
39,524.5179,569.5824,319.6909,0,300,300,217,61.099999,61.099999,source_39
39,524.5179,569.5824,319.6909,0,700,300,217,52.700002,52.700002,source_39
39,524.5179,569.5824,319.6909,0,500,500,100,27.5,27.5,source_39
40,672.0681,531.6646,560.514,0,500,500,900,65.899998,65.899998,source_40
40,672.0681,531.6646,560.514,0,783,500,783,32.299999,32.299999,source_40
40,672.0681,531.6646,560.514,0,500,783,783,63.500002,63.500002,source_40
40,672.0681,531.6646,560.514,0,217,500,783,96.500002,96.500002,source_40
40,672.0681,531.6646,560.514,0,500,217,783,76.399997,76.399997,source_40
40,672.0681,531.6646,560.514,0,900,500,500,29.300001,29.300001,source_40
40,672.0681,531.6646,560.514,0,700,846,500,52.099999,52.099999,source_40
40,672.0681,531.6646,560.514,0,300,846,500,104.900002,104.900002,source_40
40,672.0681,531.6646,560.514,0,100,500,500,120.800003,120.800003,source_40
40,672.0681,531.6646,560.514,0,300,154,500,114.500001,114.500001,source_40
40,672.0681,531.6646,560.514,0,700,154,500,66.500001,66.500001,source_40
40,672.0681,531.6646,560.514,0,700,700,217,66.500001,66.500001,source_40
40,672.0681,531.6646,560.514,0,300,700,217,99.5,99.5,source_40
40,672.0681,531.6646,560.514,0,300,300,217,104.900002,104.900002,source_40
40,672.0681,531.6646,560.514,0,700,300,217,73.100001,73.100001,source_40
40,672.0681,531.6646,560.514,0,500,500,100,92.299998,92.299998,source_40
41,446.0161,607.4133,383.4232,0,500,500,900,98.899998,98.899998,source_41
41,446.0161,607.4133,383.4232,0,783,500,783,99.200003,99.200003,source_41
41,446.0161,607.4133,383.4232,0,500,783,783,79.999998,79.999998,source_41
41,446.0161,607.4133,383.4232,0,217,500,783,86.300001,86.300001,source_41
41,446.0161,607.4133,383.4232,0,900,500,500,101.899996,101.899996,source_41
41,446.0161,607.4133,383.4232,0,700,846,500,61.999999,61.999999,source_41
41,446.0161,607.4133,383.4232,0,300,846,500,46.399999,46.399999,source_41
41,446.0161,607.4133,383.4232,0,100,500,500,66.500001,66.500001,source_41
41,446.0161,607.4133,383.4232,0,700,154,500,109.700002,109.700002,source_41
41,446.0161,607.4133,383.4232,0,700,700,217,48.500001,48.500001,source_41
41,446.0161,607.4133,383.4232,0,300,700,217,28.7,28.7,source_41
41,446.0161,607.4133,383.4232,0,300,300,217,63.500002,63.500002,source_41
41,446.0161,607.4133,383.4232,0,700,300,217,77.299997,77.299997,source_41
41,446.0161,607.4133,383.4232,0,500,500,100,46.399999,46.399999,source_41
42,431.1637,531.4164,500.1181,0,500,500,900,68.000004,68.000004,source_42
42,431.1637,531.4164,500.1181,0,783,500,783,78.8,78.8,source_42
42,431.1637,531.4164,500.1181,0,500,783,783,61.999999,61.999999,source_42
42,431.1637,531.4164,500.1181,0,217,500,783,57.500001,57.500001,source_42
42,431.1637,531.4164,500.1181,0,500,217,783,71.3,71.3,source_42
42,431.1637,531.4164,500.1181,0,900,500,500,42.199999,42.199999,source_42
42,431.1637,531.4164,500.1181,0,700,846,500,32.600001,32.600001,source_42
42,431.1637,531.4164,500.1181,0,300,846,500,13.4,13.4,source_42
42,431.1637,531.4164,500.1181,0,100,500,500,238.100007,238.100007,source_42
42,431.1637,531.4164,500.1181,0,300,154,500,27.799999,27.799999,source_42
42,431.1637,531.4164,500.1181,0,700,154,500,41.299999,41.299999,source_42
42,431.1637,531.4164,500.1181,0,700,700,217,71.900003,71.900003,source_42
42,431.1637,531.4164,500.1181,0,300,700,217,55.100001,55.100001,source_42
42,431.1637,531.4164,500.1181,0,300,300,217,63.500002,63.500002,source_42
42,431.1637,531.4164,500.1181,0,700,300,217,77.9,77.9,source_42
42,431.1637,531.4164,500.1181,0,500,500,100,67.100003,67.100003,source_42
43,436.1627,609.8069,449.4349,0,500,500,900,84.799998,84.799998,source_43
43,436.1627,609.8069,449.4349,0,783,500,783,90.499997,90.499997,source_43
43,436.1627,609.8069,449.4349,0,500,783,783,65.6,65.6,source_43
43,436.1627,609.8069,449.4349,0,217,500,783,72.499998,72.499998,source_43
43,436.1627,609.8069,449.4349,0,900,500,500,100.100003,100.100003,source_43
43,436.1627,609.8069,449.4349,0,700,846,500,61.700001,61.700001,source_43
43,436.1627,609.8069,449.4349,0,300,846,500,40.399998,40.399998,source_43
43,436.1627,609.8069,449.4349,0,100,500,500,61.700001,61.700001,source_43
43,436.1627,609.8069,449.4349,0,300,154,500,99.799998,99.799998,source_43
43,436.1627,609.8069,449.4349,0,700,154,500,106.1,106.1,source_43
43,436.1627,609.8069,449.4349,0,700,700,217,61.099999,61.099999,source_43
43,436.1627,609.8069,449.4349,0,300,700,217,41.6,41.6,source_43
43,436.1627,609.8069,449.4349,0,300,300,217,71.900003,71.900003,source_43
43,436.1627,609.8069,449.4349,0,700,300,217,85.100003,85.100003,source_43
43,436.1627,609.8069,449.4349,0,500,500,100,61.999999,61.999999,source_43
44,544.2131,350.048,541.8664,0,500,500,900,67.100003,67.100003,source_44
44,544.2131,350.048,541.8664,0,783,500,783,61.999999,61.999999,source_44
44,544.2131,350.048,541.8664,0,500,783,783,91.700003,91.700003,source_44
44,544.2131,350.048,541.8664,0,217,500,783,78.500003,78.500003,source_44
44,544.2131,350.048,541.8664,0,500,217,783,37.999999,37.999999,source_44
44,544.2131,350.048,541.8664,0,700,846,500,245.299995,245.299995,source_44
44,544.2131,350.048,541.8664,0,300,846,500,114.500001,114.500001,source_44
44,544.2131,350.048,541.8664,0,100,500,500,100.100003,100.100003,source_44
44,544.2131,350.048,541.8664,0,300,154,500,52.099999,52.099999,source_44
44,544.2131,350.048,541.8664,0,700,154,500,34.1,34.1,source_44
44,544.2131,350.048,541.8664,0,700,700,217,91.700003,91.700003,source_44
44,544.2131,350.048,541.8664,0,300,700,217,99.5,99.5,source_44
44,544.2131,350.048,541.8664,0,300,300,217,71.3,71.3,source_44
44,544.2131,350.048,541.8664,0,700,300,217,61.700001,61.700001,source_44
44,544.2131,350.048,541.8664,0,500,500,100,86.300001,86.300001,source_44
45,434.2597,506.2888,488.1233,0,500,500,900,71.900003,71.900003,source_45
45,434.2597,506.2888,488.1233,0,783,500,783,79.700001,79.700001,source_45
45,434.2597,506.2888,488.1233,0,500,783,783,68.300001,68.300001,source_45
45,434.2597,506.2888,488.1233,0,217,500,783,59.599999,59.599999,source_45
45,434.2597,506.2888,488.1233,0,500,217,783,71.3,71.3,source_45
45,434.2597,506.2888,488.1233,0,900,500,500,94.400004,94.400004,source_45
45,434.2597,506.2888,488.1233,0,700,846,500,85.699998,85.699998,source_45
45,434.2597,506.2888,488.1233,0,300,846,500,71.3,71.3,source_45
45,434.2597,506.2888,488.1233,0,100,500,500,241.099998,241.099998,source_45
45,434.2597,506.2888,488.1233,0,300,154,500,73.100001,73.100001,source_45
45,434.2597,506.2888,488.1233,0,700,154,500,88.399999,88.399999,source_45
45,434.2597,506.2888,488.1233,0,700,700,217,72.499998,72.499998,source_45
45,434.2597,506.2888,488.1233,0,300,700,217,57.500001,57.500001,source_45
45,434.2597,506.2888,488.1233,0,300,300,217,58.699999,58.699999,source_45
45,434.2597,506.2888,488.1233,0,700,300,217,73.100001,73.100001,source_45
45,434.2597,506.2888,488.1233,0,500,500,100,65.899998,65.899998,source_45
46,352.0317,522.008,523.5756,0,500,500,900,71.900003,71.900003,source_46
46,352.0317,522.008,523.5756,0,783,500,783,92.299998,92.299998,source_46
46,352.0317,522.008,523.5756,0,500,783,783,68.000004,68.000004,source_46
46,352.0317,522.008,523.5756,0,217,500,783,41.900001,41.900001,source_46
46,352.0317,522.008,523.5756,0,500,217,783,77.299997,77.299997,source_46
46,352.0317,522.008,523.5756,0,900,500,500,114.500001,114.500001,source_46
46,352.0317,522.008,523.5756,0,700,846,500,100.100003,100.100003,source_46
46,352.0317,522.008,523.5756,0,300,846,500,66.500001,66.500001,source_46
46,352.0317,522.008,523.5756,0,300,154,500,76.099999,76.099999,source_46
46,352.0317,522.008,523.5756,0,700,154,500,104.900002,104.900002,source_46
46,352.0317,522.008,523.5756,0,700,700,217,89.900002,89.900002,source_46
46,352.0317,522.008,523.5756,0,300,700,217,58.699999,58.699999,source_46
46,352.0317,522.008,523.5756,0,300,300,217,63.500002,63.500002,source_46
46,352.0317,522.008,523.5756,0,700,300,217,95.299996,95.299996,source_46
46,352.0317,522.008,523.5756,0,500,500,100,81.200004,81.200004,source_46
47,512.5164,563.2919,485.172,0,500,500,900,71.900003,71.900003,source_47
47,512.5164,563.2919,485.172,0,783,500,783,68.000004,68.000004,source_47
47,512.5164,563.2919,485.172,0,500,783,783,60.800001,60.800001,source_47
47,512.5164,563.2919,485.172,0,217,500,783,72.499998,72.499998,source_47
47,512.5164,563.2919,485.172,0,500,217,783,79.999998,79.999998,source_47
47,512.5164,563.2919,485.172,0,900,500,500,76.099999,76.099999,source_47
47,512.5164,563.2919,485.172,0,700,846,500,66.500001,66.500001,source_47
47,512.5164,563.2919,485.172,0,300,846,500,68.300001,68.300001,source_47
47,512.5164,563.2919,485.172,0,100,500,500,83.6,83.6,source_47
47,512.5164,563.2919,485.172,0,300,154,500,92,92,source_47
47,512.5164,563.2919,485.172,0,700,154,500,90.499997,90.499997,source_47
47,512.5164,563.2919,485.172,0,700,700,217,56.299999,56.299999,source_47
47,512.5164,563.2919,485.172,0,300,700,217,59.599999,59.599999,source_47
47,512.5164,563.2919,485.172,0,300,300,217,73.100001,73.100001,source_47
47,512.5164,563.2919,485.172,0,700,300,217,71.3,71.3,source_47
47,512.5164,563.2919,485.172,0,500,500,100,64.7,64.7,source_47
48,679.8096,381.8142,503.2137,0,500,500,900,82.699999,82.699999,source_48
48,679.8096,381.8142,503.2137,0,783,500,783,46.100002,46.100002,source_48
48,679.8096,381.8142,503.2137,0,500,783,783,100.400001,100.400001,source_48
48,679.8096,381.8142,503.2137,0,217,500,783,105.2,105.2,source_48
48,679.8096,381.8142,503.2137,0,500,217,783,62.3,62.3,source_48
48,679.8096,381.8142,503.2137,0,700,846,500,100.100003,100.100003,source_48
48,679.8096,381.8142,503.2137,0,300,846,500,270.799994,270.799994,source_48
48,679.8096,381.8142,503.2137,0,100,500,500,269.899994,269.899994,source_48
48,679.8096,381.8142,503.2137,0,300,154,500,253.100008,253.100008,source_48
48,679.8096,381.8142,503.2137,0,700,700,217,77.9,77.9,source_48
48,679.8096,381.8142,503.2137,0,300,700,217,109.099999,109.099999,source_48
48,679.8096,381.8142,503.2137,0,300,300,217,89.900002,89.900002,source_48
48,679.8096,381.8142,503.2137,0,700,300,217,42.800002,42.800002,source_48
48,679.8096,381.8142,503.2137,0,500,500,100,85.100003,85.100003,source_48
49,351.0008,377.9282,523.1526,0,500,500,900,76.399997,76.399997,source_49
49,351.0008,377.9282,523.1526,0,783,500,783,97.999997,97.999997,source_49
49,351.0008,377.9282,523.1526,0,500,783,783,96.500002,96.500002,source_49
49,351.0008,377.9282,523.1526,0,217,500,783,47.899999,47.899999,source_49
49,351.0008,377.9282,523.1526,0,500,217,783,55.100001,55.100001,source_49
49,351.0008,377.9282,523.1526,0,900,500,500,264.499992,264.499992,source_49
49,351.0008,377.9282,523.1526,0,700,846,500,267.500013,267.500013,source_49
49,351.0008,377.9282,523.1526,0,300,846,500,100.100003,100.100003,source_49
49,351.0008,377.9282,523.1526,0,300,154,500,41.900001,41.900001,source_49
49,351.0008,377.9282,523.1526,0,700,154,500,248.899996,248.899996,source_49
49,351.0008,377.9282,523.1526,0,700,700,217,105.2,105.2,source_49
49,351.0008,377.9282,523.1526,0,300,700,217,80.899999,80.899999,source_49
49,351.0008,377.9282,523.1526,0,300,300,217,47.3,47.3,source_49
49,351.0008,377.9282,523.1526,0,700,300,217,85.699998,85.699998,source_49
49,351.0008,377.9282,523.1526,0,500,500,100,86.000003,86.000003,source_49
50,366.9104,649.0049,468.6669,0,500,500,900,88.100001,88.100001,source_50
50,366.9104,649.0049,468.6669,0,783,500,783,104.900002,104.900002,source_50
50,366.9104,649.0049,468.6669,0,500,783,783,62.3,62.3,source_50
50,366.9104,649.0049,468.6669,0,217,500,783,63.500002,63.500002,source_50
50,366.9104,649.0049,468.6669,0,500,217,783,104.900002,104.900002,source_50
50,366.9104,649.0049,468.6669,0,900,500,500,262.400001,262.400001,source_50
50,366.9104,649.0049,468.6669,0,700,846,500,79.999998,79.999998,source_50
50,366.9104,649.0049,468.6669,0,300,846,500,23.3,23.3,source_50
50,366.9104,649.0049,468.6669,0,300,154,500,107.600003,107.600003,source_50
50,366.9104,649.0049,468.6669,0,700,154,500,124.1,124.1,source_50
50,366.9104,649.0049,468.6669,0,700,700,217,75.499997,75.499997,source_50
50,366.9104,649.0049,468.6669,0,300,300,217,77.600002,77.600002,source_50
50,366.9104,649.0049,468.6669,0,700,300,217,102.499999,102.499999,source_50
50,366.9104,649.0049,468.6669,0,500,500,100,74.299999,74.299999,source_50
51,518.5639,513.3378,511.3291,0,500,500,900,65.6,65.6,source_51
51,518.5639,513.3378,511.3291,0,783,500,783,61.999999,61.999999,source_51
51,518.5639,513.3378,511.3291,0,500,783,783,61.999999,61.999999,source_51
51,518.5639,513.3378,511.3291,0,217,500,783,67.699999,67.699999,source_51
51,518.5639,513.3378,511.3291,0,500,217,783,67.100003,67.100003,source_51
51,518.5639,513.3378,511.3291,0,900,500,500,76.099999,76.099999,source_51
51,518.5639,513.3378,511.3291,0,700,846,500,76.099999,76.099999,source_51
51,518.5639,513.3378,511.3291,0,300,846,500,80.899999,80.899999,source_51
51,518.5639,513.3378,511.3291,0,100,500,500,85.699998,85.699998,source_51
51,518.5639,513.3378,511.3291,0,300,154,500,85.699998,85.699998,source_51
51,518.5639,513.3378,511.3291,0,700,154,500,80.899999,80.899999,source_51
51,518.5639,513.3378,511.3291,0,700,700,217,63.500002,63.500002,source_51
51,518.5639,513.3378,511.3291,0,300,700,217,68.000004,68.000004,source_51
51,518.5639,513.3378,511.3291,0,300,300,217,71.3,71.3,source_51
51,518.5639,513.3378,511.3291,0,700,300,217,67.100003,67.100003,source_51
51,518.5639,513.3378,511.3291,0,500,500,100,68.000004,68.000004,source_51
52,316.1457,483.2723,620.3233,0,500,500,900,53.599998,53.599998,source_52
52,316.1457,483.2723,620.3233,0,783,500,783,95.299996,95.299996,source_52
52,316.1457,483.2723,620.3233,0,500,783,783,67.100003,67.100003,source_52
52,316.1457,483.2723,620.3233,0,500,217,783,60.800001,60.800001,source_52
52,316.1457,483.2723,620.3233,0,900,500,500,114.500001,114.500001,source_52
52,316.1457,483.2723,620.3233,0,700,846,500,104.900002,104.900002,source_52
52,316.1457,483.2723,620.3233,0,300,846,500,66.500001,66.500001,source_52
52,316.1457,483.2723,620.3233,0,100,500,500,33.500001,33.500001,source_52
52,316.1457,483.2723,620.3233,0,300,154,500,57.500001,57.500001,source_52
52,316.1457,483.2723,620.3233,0,700,154,500,99.5,99.5,source_52
52,316.1457,483.2723,620.3233,0,300,700,217,83.300002,83.300002,source_52
52,316.1457,483.2723,620.3233,0,300,300,217,80.899999,80.899999,source_52
52,316.1457,483.2723,620.3233,0,500,500,100,106.1,106.1,source_52
53,423.7532,367.0779,461.5932,0,500,500,900,84.799998,84.799998,source_53
53,423.7532,367.0779,461.5932,0,500,783,783,97.7,97.7,source_53
53,423.7532,367.0779,461.5932,0,217,500,783,71.900003,71.900003,source_53
53,423.7532,367.0779,461.5932,0,500,217,783,60.800001,60.800001,source_53
53,423.7532,367.0779,461.5932,0,900,500,500,104.900002,104.900002,source_53
53,423.7532,367.0779,461.5932,0,700,846,500,114.500001,114.500001,source_53
53,423.7532,367.0779,461.5932,0,300,846,500,104.900002,104.900002,source_53
53,423.7532,367.0779,461.5932,0,100,500,500,71.3,71.3,source_53
53,423.7532,367.0779,461.5932,0,300,154,500,33.199999,33.199999,source_53
53,423.7532,367.0779,461.5932,0,700,154,500,71.3,71.3,source_53
53,423.7532,367.0779,461.5932,0,700,700,217,90.800002,90.800002,source_53
53,423.7532,367.0779,461.5932,0,300,700,217,76.700002,76.700002,source_53
53,423.7532,367.0779,461.5932,0,300,300,217,39.500002,39.500002,source_53
53,423.7532,367.0779,461.5932,0,700,300,217,61.999999,61.999999,source_53
53,423.7532,367.0779,461.5932,0,500,500,100,67.100003,67.100003,source_53
54,598.3345,632.5496,653.0223,0,500,500,900,44,44,source_54
54,598.3345,632.5496,653.0223,0,783,500,783,35.300002,35.300002,source_54
54,598.3345,632.5496,653.0223,0,500,783,783,23.3,23.3,source_54
54,598.3345,632.5496,653.0223,0,217,500,783,77.299997,77.299997,source_54
54,598.3345,632.5496,653.0223,0,500,217,783,82.099997,82.099997,source_54
54,598.3345,632.5496,653.0223,0,900,500,500,61.999999,61.999999,source_54
54,598.3345,632.5496,653.0223,0,700,846,500,39.2,39.2,source_54
54,598.3345,632.5496,653.0223,0,300,846,500,68.000004,68.000004,source_54
54,598.3345,632.5496,653.0223,0,100,500,500,104.900002,104.900002,source_54
54,598.3345,632.5496,653.0223,0,300,154,500,114.500001,114.500001,source_54
54,598.3345,632.5496,653.0223,0,700,700,217,80.899999,80.899999,source_54
54,598.3345,632.5496,653.0223,0,300,700,217,101.899996,101.899996,source_54
54,598.3345,632.5496,653.0223,0,300,300,217,118.699998,118.699998,source_54
54,598.3345,632.5496,653.0223,0,700,300,217,106.700003,106.700003,source_54
54,598.3345,632.5496,653.0223,0,500,500,100,110.299997,110.299997,source_54
55,396.7242,685.9767,581.9835,0,500,500,900,66.799998,66.799998,source_55
55,396.7242,685.9767,581.9835,0,783,500,783,88.100001,88.100001,source_55
55,396.7242,685.9767,581.9835,0,500,783,783,33.199999,33.199999,source_55
55,396.7242,685.9767,581.9835,0,217,500,783,51.5,51.5,source_55
55,396.7242,685.9767,581.9835,0,500,217,783,100.400001,100.400001,source_55
55,396.7242,685.9767,581.9835,0,900,500,500,104.900002,104.900002,source_55
55,396.7242,685.9767,581.9835,0,700,846,500,58.1,58.1,source_55
55,396.7242,685.9767,581.9835,0,300,846,500,21.199999,21.199999,source_55
55,396.7242,685.9767,581.9835,0,100,500,500,60.5,60.5,source_55
55,396.7242,685.9767,581.9835,0,300,154,500,233.3,233.3,source_55
55,396.7242,685.9767,581.9835,0,700,154,500,130.400002,130.400002,source_55
55,396.7242,685.9767,581.9835,0,300,700,217,61.700001,61.700001,source_55
55,396.7242,685.9767,581.9835,0,300,300,217,104.000002,104.000002,source_55
55,396.7242,685.9767,581.9835,0,500,500,100,101.599999,101.599999,source_55
56,667.874,559.4484,619.1209,0,500,500,900,53.599998,53.599998,source_56
56,667.874,559.4484,619.1209,0,783,500,783,22.700001,22.700001,source_56
56,667.874,559.4484,619.1209,0,500,783,783,49.699999,49.699999,source_56
56,667.874,559.4484,619.1209,0,217,500,783,91.700003,91.700003,source_56
56,667.874,559.4484,619.1209,0,500,217,783,74.900001,74.900001,source_56
56,667.874,559.4484,619.1209,0,900,500,500,37.999999,37.999999,source_56
56,667.874,559.4484,619.1209,0,700,846,500,47.899999,47.899999,source_56
56,667.874,559.4484,619.1209,0,300,846,500,89.900002,89.900002,source_56
56,667.874,559.4484,619.1209,0,100,500,500,113.300003,113.300003,source_56
56,667.874,559.4484,619.1209,0,300,154,500,108.499996,108.499996,source_56
56,667.874,559.4484,619.1209,0,700,154,500,76.099999,76.099999,source_56
56,667.874,559.4484,619.1209,0,700,700,217,76.099999,76.099999,source_56
56,667.874,559.4484,619.1209,0,300,700,217,106.399998,106.399998,source_56
56,667.874,559.4484,619.1209,0,700,300,217,89.900002,89.900002,source_56
56,667.874,559.4484,619.1209,0,500,500,100,105.499998,105.499998,source_56
57,681.1923,340.5245,449.4453,0,500,500,900,98.899998,98.899998,source_57
57,681.1923,340.5245,449.4453,0,783,500,783,66.500001,66.500001,source_57
57,681.1923,340.5245,449.4453,0,500,783,783,115.699999,115.699999,source_57
57,681.1923,340.5245,449.4453,0,217,500,783,116.899997,116.899997,source_57
57,681.1923,340.5245,449.4453,0,500,217,783,68.300001,68.300001,source_57
57,681.1923,340.5245,449.4453,0,900,500,500,39.2,39.2,source_57
57,681.1923,340.5245,449.4453,0,700,846,500,109.700002,109.700002,source_57
57,681.1923,340.5245,449.4453,0,300,846,500,133.699998,133.699998,source_57
57,681.1923,340.5245,449.4453,0,100,500,500,128.900006,128.900006,source_57
57,681.1923,340.5245,449.4453,0,300,154,500,91.399997,91.399997,source_57
57,681.1923,340.5245,449.4453,0,700,154,500,18.8,18.8,source_57
57,681.1923,340.5245,449.4453,0,700,700,217,76.099999,76.099999,source_57
57,681.1923,340.5245,449.4453,0,300,700,217,110.9,110.9,source_57
57,681.1923,340.5245,449.4453,0,300,300,217,80.300003,80.300003,source_57
57,681.1923,340.5245,449.4453,0,700,300,217,24.800001,24.800001,source_57
57,681.1923,340.5245,449.4453,0,500,500,100,76.399997,76.399997,source_57
58,653.6746,418.2003,347.1641,0,500,500,900,112.099998,112.099998,source_58
58,653.6746,418.2003,347.1641,0,783,500,783,85.699998,85.699998,source_58
58,653.6746,418.2003,347.1641,0,500,783,783,114.500001,114.500001,source_58
58,653.6746,418.2003,347.1641,0,500,217,783,96.500002,96.500002,source_58
58,653.6746,418.2003,347.1641,0,900,500,500,45.200001,45.200001,source_58
58,653.6746,418.2003,347.1641,0,700,846,500,85.699998,85.699998,source_58
58,653.6746,418.2003,347.1641,0,300,846,500,114.500001,114.500001,source_58
58,653.6746,418.2003,347.1641,0,100,500,500,113.300003,113.300003,source_58
58,653.6746,418.2003,347.1641,0,300,154,500,86.900003,86.900003,source_58
58,653.6746,418.2003,347.1641,0,700,154,500,47.899999,47.899999,source_58
58,653.6746,418.2003,347.1641,0,700,700,217,47.600001,47.600001,source_58
58,653.6746,418.2003,347.1641,0,300,700,217,86.900003,86.900003,source_58
58,653.6746,418.2003,347.1641,0,300,300,217,67.699999,67.699999,source_58
58,653.6746,418.2003,347.1641,0,500,500,100,46.399999,46.399999,source_58
59,544.4675,399.5037,421.8249,0,500,500,900,87.200001,87.200001,source_59
59,544.4675,399.5037,421.8249,0,783,500,783,77.600002,77.600002,source_59
59,544.4675,399.5037,421.8249,0,500,783,783,95.299996,95.299996,source_59
59,544.4675,399.5037,421.8249,0,217,500,783,90.499997,90.499997,source_59
59,544.4675,399.5037,421.8249,0,500,217,783,71.599998,71.599998,source_59
59,544.4675,399.5037,421.8249,0,900,500,500,66.500001,66.500001,source_59
59,544.4675,399.5037,421.8249,0,700,846,500,99.200003,99.200003,source_59
59,544.4675,399.5037,421.8249,0,300,846,500,104.900002,104.900002,source_59
59,544.4675,399.5037,421.8249,0,100,500,500,95.299996,95.299996,source_59
59,544.4675,399.5037,421.8249,0,300,154,500,59.599999,59.599999,source_59
59,544.4675,399.5037,421.8249,0,700,154,500,46.399999,46.399999,source_59
59,544.4675,399.5037,421.8249,0,700,700,217,67.100003,67.100003,source_59
59,544.4675,399.5037,421.8249,0,300,700,217,76.700002,76.700002,source_59
59,544.4675,399.5037,421.8249,0,300,300,217,52.700002,52.700002,source_59
59,544.4675,399.5037,421.8249,0,700,300,217,38.3,38.3,source_59
59,544.4675,399.5037,421.8249,0,500,500,100,53.9,53.9,source_59
60,520.3031,421.9844,375.9236,0,500,500,900,96.799999,96.799999,source_60
60,520.3031,421.9844,375.9236,0,783,500,783,90.499997,90.499997,source_60
60,520.3031,421.9844,375.9236,0,500,783,783,100.100003,100.100003,source_60
60,520.3031,421.9844,375.9236,0,217,500,783,95.299996,95.299996,source_60
60,520.3031,421.9844,375.9236,0,500,217,783,82.099997,82.099997,source_60
60,520.3031,421.9844,375.9236,0,900,500,500,71.900003,71.900003,source_60
60,520.3031,421.9844,375.9236,0,100,500,500,81.500001,81.500001,source_60
60,520.3031,421.9844,375.9236,0,300,154,500,62.3,62.3,source_60
60,520.3031,421.9844,375.9236,0,700,154,500,57.2,57.2,source_60
60,520.3031,421.9844,375.9236,0,700,700,217,61.999999,61.999999,source_60
60,520.3031,421.9844,375.9236,0,300,700,217,66.799998,66.799998,source_60
60,520.3031,421.9844,375.9236,0,300,300,217,43.099999,43.099999,source_60
60,520.3031,421.9844,375.9236,0,700,300,217,36.800001,36.800001,source_60
60,520.3031,421.9844,375.9236,0,500,500,100,42.5,42.5,source_60
61,517.1453,680.5732,563.8672,0,500,500,900,65.6,65.6,source_61
61,517.1453,680.5732,563.8672,0,783,500,783,67.699999,67.699999,source_61
61,517.1453,680.5732,563.8672,0,217,500,783,73.100001,73.100001,source_61
61,517.1453,680.5732,563.8672,0,500,217,783,97.999997,97.999997,source_61
61,517.1453,680.5732,563.8672,0,900,500,500,78.500003,78.500003,source_61
61,517.1453,680.5732,563.8672,0,700,846,500,34.1,34.1,source_61
61,517.1453,680.5732,563.8672,0,300,846,500,40.399998,40.399998,source_61
61,517.1453,680.5732,563.8672,0,100,500,500,85.699998,85.699998,source_61
61,517.1453,680.5732,563.8672,0,300,154,500,119.3,119.3,source_61
61,517.1453,680.5732,563.8672,0,700,154,500,256.700009,256.700009,source_61
61,517.1453,680.5732,563.8672,0,700,700,217,66.500001,66.500001,source_61
61,517.1453,680.5732,563.8672,0,300,300,217,104.900002,104.900002,source_61
61,517.1453,680.5732,563.8672,0,700,300,217,104.000002,104.000002,source_61
61,517.1453,680.5732,563.8672,0,500,500,100,95.299996,95.299996,source_61
62,531.9017,445.8449,525.8397,0,500,500,900,61.999999,61.999999,source_62
62,531.9017,445.8449,525.8397,0,783,500,783,57.500001,57.500001,source_62
62,531.9017,445.8449,525.8397,0,500,783,783,72.499998,72.499998,source_62
62,531.9017,445.8449,525.8397,0,217,500,783,68.300001,68.300001,source_62
62,531.9017,445.8449,525.8397,0,500,217,783,53.9,53.9,source_62
62,531.9017,445.8449,525.8397,0,900,500,500,244.7,244.7,source_62
62,531.9017,445.8449,525.8397,0,700,846,500,85.699998,85.699998,source_62
62,531.9017,445.8449,525.8397,0,300,846,500,94.400004,94.400004,source_62
62,531.9017,445.8449,525.8397,0,100,500,500,89.900002,89.900002,source_62
62,531.9017,445.8449,525.8397,0,300,154,500,75.499997,75.499997,source_62
62,531.9017,445.8449,525.8397,0,700,154,500,66.500001,66.500001,source_62
62,531.9017,445.8449,525.8397,0,700,700,217,73.100001,73.100001,source_62
62,531.9017,445.8449,525.8397,0,300,700,217,80.300003,80.300003,source_62
62,531.9017,445.8449,525.8397,0,300,300,217,68.300001,68.300001,source_62
62,531.9017,445.8449,525.8397,0,500,500,100,73.100001,73.100001,source_62
63,538.8166,678.1042,492.2282,0,500,500,900,82.400002,82.400002,source_63
63,538.8166,678.1042,492.2282,0,783,500,783,75.499997,75.499997,source_63
63,538.8166,678.1042,492.2282,0,500,783,783,45.499999,45.499999,source_63
63,538.8166,678.1042,492.2282,0,217,500,783,86.900003,86.900003,source_63
63,538.8166,678.1042,492.2282,0,500,217,783,104.000002,104.000002,source_63
63,538.8166,678.1042,492.2282,0,900,500,500,248.300001,248.300001,source_63
63,538.8166,678.1042,492.2282,0,700,846,500,42.5,42.5,source_63
63,538.8166,678.1042,492.2282,0,300,846,500,56.899998,56.899998,source_63
63,538.8166,678.1042,492.2282,0,100,500,500,256.399989,256.399989,source_63
63,538.8166,678.1042,492.2282,0,700,154,500,263.300002,263.300002,source_63
63,538.8166,678.1042,492.2282,0,700,700,217,48.500001,48.500001,source_63
63,538.8166,678.1042,492.2282,0,300,700,217,61.099999,61.099999,source_63
63,538.8166,678.1042,492.2282,0,300,300,217,98.899998,98.899998,source_63
63,538.8166,678.1042,492.2282,0,700,300,217,91.1,91.1,source_63
63,538.8166,678.1042,492.2282,0,500,500,100,78.8,78.8,source_63
64,567.4908,623.581,617.8569,0,500,500,900,47.600001,47.600001,source_64
64,567.4908,623.581,617.8569,0,783,500,783,42.800002,42.800002,source_64
64,567.4908,623.581,617.8569,0,500,783,783,28.4,28.4,source_64
64,567.4908,623.581,617.8569,0,217,500,783,72.499998,72.499998,source_64
64,567.4908,623.581,617.8569,0,500,217,783,82.099997,82.099997,source_64
64,567.4908,623.581,617.8569,0,900,500,500,62.899999,62.899999,source_64
64,567.4908,623.581,617.8569,0,700,846,500,41.6,41.6,source_64
64,567.4908,623.581,617.8569,0,300,846,500,61.099999,61.099999,source_64
64,567.4908,623.581,617.8569,0,100,500,500,94.099998,94.099998,source_64
64,567.4908,623.581,617.8569,0,300,154,500,104.900002,104.900002,source_64
64,567.4908,623.581,617.8569,0,700,700,217,76.099999,76.099999,source_64
64,567.4908,623.581,617.8569,0,300,700,217,90.499997,90.499997,source_64
64,567.4908,623.581,617.8569,0,300,300,217,104.900002,104.900002,source_64
64,567.4908,623.581,617.8569,0,700,300,217,97.999997,97.999997,source_64
64,567.4908,623.581,617.8569,0,500,500,100,100.400001,100.400001,source_64
65,569.173,589.5124,558.1654,0,500,500,900,58.400001,58.400001,source_65
65,569.173,589.5124,558.1654,0,783,500,783,50.900001,50.900001,source_65
65,569.173,589.5124,558.1654,0,500,783,783,44,44,source_65
65,569.173,589.5124,558.1654,0,217,500,783,74.000001,74.000001,source_65
65,569.173,589.5124,558.1654,0,500,217,783,77.600002,77.600002,source_65
65,569.173,589.5124,558.1654,0,900,500,500,57.2,57.2,source_65
65,569.173,589.5124,558.1654,0,700,846,500,42.800002,42.800002,source_65
65,569.173,589.5124,558.1654,0,300,846,500,64.099997,64.099997,source_65
65,569.173,589.5124,558.1654,0,100,500,500,86.900003,86.900003,source_65
65,569.173,589.5124,558.1654,0,300,154,500,104.900002,104.900002,source_65
65,569.173,589.5124,558.1654,0,700,154,500,82.099997,82.099997,source_65
65,569.173,589.5124,558.1654,0,300,700,217,80.899999,80.899999,source_65
65,569.173,589.5124,558.1654,0,700,300,217,80.899999,80.899999,source_65
65,569.173,589.5124,558.1654,0,500,500,100,82.400002,82.400002,source_65
66,611.3737,408.7665,586.0691,0,500,500,900,57.2,57.2,source_66
66,611.3737,408.7665,586.0691,0,783,500,783,37.999999,37.999999,source_66
66,611.3737,408.7665,586.0691,0,500,783,783,79.700001,79.700001,source_66
66,611.3737,408.7665,586.0691,0,217,500,783,82.099997,82.099997,source_66
66,611.3737,408.7665,586.0691,0,500,217,783,41.6,41.6,source_66
66,611.3737,408.7665,586.0691,0,900,500,500,48.500001,48.500001,source_66
66,611.3737,408.7665,586.0691,0,300,846,500,113.300003,113.300003,source_66
66,611.3737,408.7665,586.0691,0,100,500,500,110.600002,110.600002,source_66
66,611.3737,408.7665,586.0691,0,300,154,500,72.499998,72.499998,source_66
66,611.3737,408.7665,586.0691,0,700,154,500,41.6,41.6,source_66
66,611.3737,408.7665,586.0691,0,700,700,217,87.200001,87.200001,source_66
66,611.3737,408.7665,586.0691,0,300,300,217,90.499997,90.499997,source_66
66,611.3737,408.7665,586.0691,0,700,300,217,66.799998,66.799998,source_66
66,611.3737,408.7665,586.0691,0,500,500,100,92.299998,92.299998,source_66
67,534.1234,514.9291,346.3983,0,500,500,900,103.699997,103.699997,source_67
67,534.1234,514.9291,346.3983,0,783,500,783,95.299996,95.299996,source_67
67,534.1234,514.9291,346.3983,0,500,783,783,96.500002,96.500002,source_67
67,534.1234,514.9291,346.3983,0,217,500,783,100.100003,100.100003,source_67
67,534.1234,514.9291,346.3983,0,500,217,783,99.200003,99.200003,source_67
67,534.1234,514.9291,346.3983,0,900,500,500,70.100002,70.100002,source_67
67,534.1234,514.9291,346.3983,0,700,846,500,71.900003,71.900003,source_67
67,534.1234,514.9291,346.3983,0,300,846,500,79.700001,79.700001,source_67
67,534.1234,514.9291,346.3983,0,100,500,500,85.699998,85.699998,source_67
67,534.1234,514.9291,346.3983,0,300,154,500,84.799998,84.799998,source_67
67,534.1234,514.9291,346.3983,0,700,154,500,77.299997,77.299997,source_67
67,534.1234,514.9291,346.3983,0,700,700,217,39.2,39.2,source_67
67,534.1234,514.9291,346.3983,0,300,700,217,52.700002,52.700002,source_67
67,534.1234,514.9291,346.3983,0,300,300,217,56.299999,56.299999,source_67
67,534.1234,514.9291,346.3983,0,700,300,217,43.699998,43.699998,source_67
67,534.1234,514.9291,346.3983,0,500,500,100,33.500001,33.500001,source_67
68,448.3226,669.7658,530.2999,0,500,500,900,72.499998,72.499998,source_68
68,448.3226,669.7658,530.2999,0,783,500,783,82.699999,82.699999,source_68
68,448.3226,669.7658,530.2999,0,500,783,783,39.2,39.2,source_68
68,448.3226,669.7658,530.2999,0,217,500,783,66.500001,66.500001,source_68
68,448.3226,669.7658,530.2999,0,500,217,783,97.999997,97.999997,source_68
68,448.3226,669.7658,530.2999,0,900,500,500,254.000008,254.000008,source_68
68,448.3226,669.7658,530.2999,0,700,846,500,61.099999,61.099999,source_68
68,448.3226,669.7658,530.2999,0,300,154,500,248.899996,248.899996,source_68
68,448.3226,669.7658,530.2999,0,700,700,217,71.3,71.3,source_68
68,448.3226,669.7658,530.2999,0,300,300,217,95.299996,95.299996,source_68
68,448.3226,669.7658,530.2999,0,700,300,217,101.599999,101.599999,source_68
68,448.3226,669.7658,530.2999,0,500,500,100,86.000003,86.000003,source_68
69,527.4254,346.0675,508.0976,0,500,500,900,74.900001,74.900001,source_69
69,527.4254,346.0675,508.0976,0,783,500,783,71.3,71.3,source_69
69,527.4254,346.0675,508.0976,0,500,783,783,96.500002,96.500002,source_69
69,527.4254,346.0675,508.0976,0,217,500,783,79.999998,79.999998,source_69
69,527.4254,346.0675,508.0976,0,500,217,783,44.300001,44.300001,source_69
69,527.4254,346.0675,508.0976,0,900,500,500,249.500006,249.500006,source_69
69,527.4254,346.0675,508.0976,0,100,500,500,253.699988,253.699988,source_69
69,527.4254,346.0675,508.0976,0,300,154,500,56.899998,56.899998,source_69
69,527.4254,346.0675,508.0976,0,700,154,500,47.3,47.3,source_69
69,527.4254,346.0675,508.0976,0,700,700,217,89.599997,89.599997,source_69
69,527.4254,346.0675,508.0976,0,300,700,217,95.299996,95.299996,source_69
69,527.4254,346.0675,508.0976,0,300,300,217,61.700001,61.700001,source_69
69,527.4254,346.0675,508.0976,0,700,300,217,53.9,53.9,source_69
69,527.4254,346.0675,508.0976,0,500,500,100,78.8,78.8,source_69
70,482.5034,600.8752,578.5238,0,500,500,900,53.599998,53.599998,source_70
70,482.5034,600.8752,578.5238,0,783,500,783,61.999999,61.999999,source_70
70,482.5034,600.8752,578.5238,0,500,783,783,36.800001,36.800001,source_70
70,482.5034,600.8752,578.5238,0,217,500,783,57.500001,57.500001,source_70
70,482.5034,600.8752,578.5238,0,500,217,783,77.600002,77.600002,source_70
70,482.5034,600.8752,578.5238,0,900,500,500,76.399997,76.399997,source_70
70,482.5034,600.8752,578.5238,0,700,846,500,53.599998,53.599998,source_70
70,482.5034,600.8752,578.5238,0,300,846,500,48.500001,48.500001,source_70
70,482.5034,600.8752,578.5238,0,100,500,500,71.3,71.3,source_70
70,482.5034,600.8752,578.5238,0,300,154,500,100.100003,100.100003,source_70
70,482.5034,600.8752,578.5238,0,700,154,500,103.699997,103.699997,source_70
70,482.5034,600.8752,578.5238,0,700,700,217,76.099999,76.099999,source_70
70,482.5034,600.8752,578.5238,0,300,700,217,73.100001,73.100001,source_70
70,482.5034,600.8752,578.5238,0,300,300,217,89.900002,89.900002,source_70
70,482.5034,600.8752,578.5238,0,500,500,100,86.900003,86.900003,source_70
71,501.2241,523.9583,436.0639,0,500,500,900,81.200004,81.200004,source_71
71,501.2241,523.9583,436.0639,0,783,500,783,77.600002,77.600002,source_71
71,501.2241,523.9583,436.0639,0,500,783,783,74.900001,74.900001,source_71
71,501.2241,523.9583,436.0639,0,217,500,783,77.600002,77.600002,source_71
71,501.2241,523.9583,436.0639,0,500,217,783,80.899999,80.899999,source_71
71,501.2241,523.9583,436.0639,0,900,500,500,71.3,71.3,source_71
71,501.2241,523.9583,436.0639,0,700,846,500,66.500001,66.500001,source_71
71,501.2241,523.9583,436.0639,0,300,846,500,66.500001,66.500001,source_71
71,501.2241,523.9583,436.0639,0,100,500,500,71.3,71.3,source_71
71,501.2241,523.9583,436.0639,0,300,154,500,86.599998,86.599998,source_71
71,501.2241,523.9583,436.0639,0,700,154,500,86.599998,86.599998,source_71
71,501.2241,523.9583,436.0639,0,700,700,217,53.9,53.9,source_71
71,501.2241,523.9583,436.0639,0,300,700,217,53.9,53.9,source_71
71,501.2241,523.9583,436.0639,0,300,300,217,61.099999,61.099999,source_71
71,501.2241,523.9583,436.0639,0,700,300,217,61.099999,61.099999,source_71
71,501.2241,523.9583,436.0639,0,500,500,100,53.9,53.9,source_71
72,441.2699,618.5257,695.0489,0,500,500,900,29.6,29.6,source_72
72,441.2699,618.5257,695.0489,0,783,500,783,62.899999,62.899999,source_72
72,441.2699,618.5257,695.0489,0,500,783,783,19.099999,19.099999,source_72
72,441.2699,618.5257,695.0489,0,217,500,783,37.999999,37.999999,source_72
72,441.2699,618.5257,695.0489,0,500,217,783,74.900001,74.900001,source_72
72,441.2699,618.5257,695.0489,0,900,500,500,98.899998,98.899998,source_72
72,441.2699,618.5257,695.0489,0,700,846,500,67.699999,67.699999,source_72
72,441.2699,618.5257,695.0489,0,300,846,500,52.700002,52.700002,source_72
72,441.2699,618.5257,695.0489,0,100,500,500,72.499998,72.499998,source_72
72,441.2699,618.5257,695.0489,0,300,154,500,100.400001,100.400001,source_72
72,441.2699,618.5257,695.0489,0,700,154,500,108.499996,108.499996,source_72
72,441.2699,618.5257,695.0489,0,700,700,217,106.1,106.1,source_72
72,441.2699,618.5257,695.0489,0,300,700,217,95.299996,95.299996,source_72
72,441.2699,618.5257,695.0489,0,300,300,217,114.500001,114.500001,source_72
72,441.2699,618.5257,695.0489,0,700,300,217,119.3,119.3,source_72
72,441.2699,618.5257,695.0489,0,500,500,100,118.100002,118.100002,source_72
73,560.2096,320.6498,661.8326,0,500,500,900,46.399999,46.399999,source_73
73,560.2096,320.6498,661.8326,0,783,500,783,47.600001,47.600001,source_73
73,560.2096,320.6498,661.8326,0,500,783,783,104.3,104.3,source_73
73,560.2096,320.6498,661.8326,0,217,500,783,72.499998,72.499998,source_73
73,560.2096,320.6498,661.8326,0,900,500,500,74.000001,74.000001,source_73
73,560.2096,320.6498,661.8326,0,300,846,500,121.699996,121.699996,source_73
73,560.2096,320.6498,661.8326,0,100,500,500,100.400001,100.400001,source_73
73,560.2096,320.6498,661.8326,0,300,154,500,57.500001,57.500001,source_73
73,560.2096,320.6498,661.8326,0,700,154,500,38.3,38.3,source_73
73,560.2096,320.6498,661.8326,0,700,700,217,115.999997,115.999997,source_73
73,560.2096,320.6498,661.8326,0,300,700,217,229.699999,229.699999,source_73
73,560.2096,320.6498,661.8326,0,300,300,217,99.5,99.5,source_73
73,560.2096,320.6498,661.8326,0,700,300,217,85.699998,85.699998,source_73
73,560.2096,320.6498,661.8326,0,500,500,100,115.999997,115.999997,source_73
74,594.9591,355.3506,534.1787,0,500,500,900,71.599998,71.599998,source_74
74,594.9591,355.3506,534.1787,0,783,500,783,56.299999,56.299999,source_74
74,594.9591,355.3506,534.1787,0,500,783,783,94.700001,94.700001,source_74
74,594.9591,355.3506,534.1787,0,217,500,783,86.900003,86.900003,source_74
74,594.9591,355.3506,534.1787,0,500,217,783,46.399999,46.399999,source_74
74,594.9591,355.3506,534.1787,0,900,500,500,239.299998,239.299998,source_74
74,594.9591,355.3506,534.1787,0,700,846,500,104.900002,104.900002,source_74
74,594.9591,355.3506,534.1787,0,300,846,500,119.3,119.3,source_74
74,594.9591,355.3506,534.1787,0,100,500,500,109.700002,109.700002,source_74
74,594.9591,355.3506,534.1787,0,300,154,500,71.3,71.3,source_74
74,594.9591,355.3506,534.1787,0,700,700,217,87.499999,87.499999,source_74
74,594.9591,355.3506,534.1787,0,300,700,217,104.000002,104.000002,source_74
74,594.9591,355.3506,534.1787,0,300,300,217,77.600002,77.600002,source_74
74,594.9591,355.3506,534.1787,0,700,300,217,53.9,53.9,source_74
74,594.9591,355.3506,534.1787,0,500,500,100,86.000003,86.000003,source_74
75,335.6904,567.2881,504.5927,0,500,500,900,78.8,78.8,source_75
75,335.6904,567.2881,504.5927,0,783,500,783,100.400001,100.400001,source_75
75,335.6904,567.2881,504.5927,0,500,783,783,67.100003,67.100003,source_75
75,335.6904,567.2881,504.5927,0,217,500,783,46.399999,46.399999,source_75
75,335.6904,567.2881,504.5927,0,900,500,500,268.099993,268.099993,source_75
75,335.6904,567.2881,504.5927,0,700,846,500,254.299998,254.299998,source_75
75,335.6904,567.2881,504.5927,0,300,846,500,52.099999,52.099999,source_75
75,335.6904,567.2881,504.5927,0,300,154,500,85.699998,85.699998,source_75
75,335.6904,567.2881,504.5927,0,700,154,500,254.900008,254.900008,source_75
75,335.6904,567.2881,504.5927,0,700,700,217,87.499999,87.499999,source_75
75,335.6904,567.2881,504.5927,0,300,700,217,47.600001,47.600001,source_75
75,335.6904,567.2881,504.5927,0,300,300,217,67.699999,67.699999,source_75
75,335.6904,567.2881,504.5927,0,700,300,217,99.5,99.5,source_75
75,335.6904,567.2881,504.5927,0,500,500,100,81.200004,81.200004,source_75
76,519.4897,514.9963,555.8701,0,500,500,900,54.499999,54.499999,source_76
76,519.4897,514.9963,555.8701,0,783,500,783,53.9,53.9,source_76
76,519.4897,514.9963,555.8701,0,500,783,783,56.299999,56.299999,source_76
76,519.4897,514.9963,555.8701,0,217,500,783,61.999999,61.999999,source_76
76,519.4897,514.9963,555.8701,0,500,217,783,60.800001,60.800001,source_76
76,519.4897,514.9963,555.8701,0,900,500,500,66.500001,66.500001,source_76
76,519.4897,514.9963,555.8701,0,700,846,500,61.999999,61.999999,source_76
76,519.4897,514.9963,555.8701,0,300,846,500,67.699999,67.699999,source_76
76,519.4897,514.9963,555.8701,0,100,500,500,85.699998,85.699998,source_76
76,519.4897,514.9963,555.8701,0,300,154,500,74.900001,74.900001,source_76
76,519.4897,514.9963,555.8701,0,700,154,500,70.100002,70.100002,source_76
76,519.4897,514.9963,555.8701,0,500,500,100,79.700001,79.700001,source_76
77,354.2908,519.6711,672.4843,0,500,500,900,37.999999,37.999999,source_77
77,354.2908,519.6711,672.4843,0,783,500,783,82.099997,82.099997,source_77
77,354.2908,519.6711,672.4843,0,500,783,783,49.1,49.1,source_77
77,354.2908,519.6711,672.4843,0,500,217,783,58.400001,58.400001,source_77
77,354.2908,519.6711,672.4843,0,900,500,500,112.400003,112.400003,source_77
77,354.2908,519.6711,672.4843,0,700,846,500,95.899999,95.899999,source_77
77,354.2908,519.6711,672.4843,0,300,846,500,62.3,62.3,source_77
77,354.2908,519.6711,672.4843,0,100,500,500,47.600001,47.600001,source_77
77,354.2908,519.6711,672.4843,0,300,154,500,71.900003,71.900003,source_77
77,354.2908,519.6711,672.4843,0,700,154,500,101.899996,101.899996,source_77
77,354.2908,519.6711,672.4843,0,300,700,217,95.299996,95.299996,source_77
77,354.2908,519.6711,672.4843,0,300,300,217,95.299996,95.299996,source_77
77,354.2908,519.6711,672.4843,0,500,500,100,115.099996,115.099996,source_77
78,636.551,454.0049,399.3538,0,500,500,900,97.999997,97.999997,source_78
78,636.551,454.0049,399.3538,0,783,500,783,72.499998,72.499998,source_78
78,636.551,454.0049,399.3538,0,500,783,783,97.7,97.7,source_78
78,636.551,454.0049,399.3538,0,500,217,783,86.300001,86.300001,source_78
78,636.551,454.0049,399.3538,0,900,500,500,42.800002,42.800002,source_78
78,636.551,454.0049,399.3538,0,700,846,500,73.700003,73.700003,source_78
78,636.551,454.0049,399.3538,0,300,846,500,109.700002,109.700002,source_78
78,636.551,454.0049,399.3538,0,100,500,500,114.500001,114.500001,source_78
78,636.551,454.0049,399.3538,0,300,154,500,85.699998,85.699998,source_78
78,636.551,454.0049,399.3538,0,700,154,500,49.699999,49.699999,source_78
78,636.551,454.0049,399.3538,0,700,700,217,47.899999,47.899999,source_78
78,636.551,454.0049,399.3538,0,300,700,217,82.699999,82.699999,source_78
78,636.551,454.0049,399.3538,0,300,300,217,72.499998,72.499998,source_78
78,636.551,454.0049,399.3538,0,700,300,217,33.500001,33.500001,source_78
78,636.551,454.0049,399.3538,0,500,500,100,53.300001,53.300001,source_78
79,495.7059,352.5153,439.028,0,500,500,900,90.800002,90.800002,source_79
79,495.7059,352.5153,439.028,0,783,500,783,85.699998,85.699998,source_79
79,495.7059,352.5153,439.028,0,500,783,783,102.499999,102.499999,source_79
79,495.7059,352.5153,439.028,0,217,500,783,85.699998,85.699998,source_79
79,495.7059,352.5153,439.028,0,500,217,783,62.899999,62.899999,source_79
79,495.7059,352.5153,439.028,0,900,500,500,85.699998,85.699998,source_79
79,495.7059,352.5153,439.028,0,700,846,500,111.199997,111.199997,source_79
79,495.7059,352.5153,439.028,0,300,846,500,109.700002,109.700002,source_79
79,495.7059,352.5153,439.028,0,100,500,500,77.299997,77.299997,source_79
79,495.7059,352.5153,439.028,0,300,154,500,42.5,42.5,source_79
79,495.7059,352.5153,439.028,0,700,154,500,43.699998,43.699998,source_79
79,495.7059,352.5153,439.028,0,700,700,217,83.6,83.6,source_79
79,495.7059,352.5153,439.028,0,300,700,217,82.099997,82.099997,source_79
79,495.7059,352.5153,439.028,0,300,300,217,43.699998,43.699998,source_79
79,495.7059,352.5153,439.028,0,700,300,217,44.300001,44.300001,source_79
79,495.7059,352.5153,439.028,0,500,500,100,61.999999,61.999999,source_79
80,551.2772,489.1699,468.6626,0,500,500,900,73.100001,73.100001,source_80
80,551.2772,489.1699,468.6626,0,783,500,783,65.6,65.6,source_80
80,551.2772,489.1699,468.6626,0,500,783,783,75.199999,75.199999,source_80
80,551.2772,489.1699,468.6626,0,217,500,783,79.999998,79.999998,source_80
80,551.2772,489.1699,468.6626,0,500,217,783,71.3,71.3,source_80
80,551.2772,489.1699,468.6626,0,900,500,500,70.699997,70.699997,source_80
80,551.2772,489.1699,468.6626,0,700,846,500,76.700002,76.700002,source_80
80,551.2772,489.1699,468.6626,0,300,846,500,85.699998,85.699998,source_80
80,551.2772,489.1699,468.6626,0,100,500,500,92,92,source_80
80,551.2772,489.1699,468.6626,0,300,154,500,84.799998,84.799998,source_80
80,551.2772,489.1699,468.6626,0,700,154,500,71.3,71.3,source_80
80,551.2772,489.1699,468.6626,0,700,700,217,57.500001,57.500001,source_80
80,551.2772,489.1699,468.6626,0,300,700,217,68.300001,68.300001,source_80
80,551.2772,489.1699,468.6626,0,300,300,217,67.100003,67.100003,source_80
80,551.2772,489.1699,468.6626,0,700,300,217,53.9,53.9,source_80
80,551.2772,489.1699,468.6626,0,500,500,100,61.099999,61.099999,source_80
81,611.2967,561.1729,404.1842,0,500,500,900,94.099998,94.099998,source_81
81,611.2967,561.1729,404.1842,0,783,500,783,75.199999,75.199999,source_81
81,611.2967,561.1729,404.1842,0,500,783,783,81.500001,81.500001,source_81
81,611.2967,561.1729,404.1842,0,500,217,783,95.299996,95.299996,source_81
81,611.2967,561.1729,404.1842,0,900,500,500,47.600001,47.600001,source_81
81,611.2967,561.1729,404.1842,0,700,846,500,47.899999,47.899999,source_81
81,611.2967,561.1729,404.1842,0,300,846,500,78.500003,78.500003,source_81
81,611.2967,561.1729,404.1842,0,100,500,500,109.399997,109.399997,source_81
81,611.2967,561.1729,404.1842,0,300,154,500,109.399997,109.399997,source_81
81,611.2967,561.1729,404.1842,0,700,154,500,77.299997,77.299997,source_81
81,611.2967,561.1729,404.1842,0,700,700,217,33.500001,33.500001,source_81
81,611.2967,561.1729,404.1842,0,300,700,217,66.799998,66.799998,source_81
81,611.2967,561.1729,404.1842,0,300,300,217,80.899999,80.899999,source_81
81,611.2967,561.1729,404.1842,0,700,300,217,52.700002,52.700002,source_81
81,611.2967,561.1729,404.1842,0,500,500,100,52.700002,52.700002,source_81
82,376.252,485.5683,605.476,0,500,500,900,49.1,49.1,source_82
82,376.252,485.5683,605.476,0,783,500,783,81.200004,81.200004,source_82
82,376.252,485.5683,605.476,0,500,783,783,61.999999,61.999999,source_82
82,376.252,485.5683,605.476,0,217,500,783,27.5,27.5,source_82
82,376.252,485.5683,605.476,0,500,217,783,56.299999,56.299999,source_82
82,376.252,485.5683,605.476,0,900,500,500,101.300001,101.300001,source_82
82,376.252,485.5683,605.476,0,300,846,500,66.500001,66.500001,source_82
82,376.252,485.5683,605.476,0,100,500,500,43.699998,43.699998,source_82
82,376.252,485.5683,605.476,0,300,154,500,58.400001,58.400001,source_82
82,376.252,485.5683,605.476,0,700,154,500,86.000003,86.000003,source_82
82,376.252,485.5683,605.476,0,700,700,217,98.899998,98.899998,source_82
82,376.252,485.5683,605.476,0,300,700,217,80.899999,80.899999,source_82
82,376.252,485.5683,605.476,0,300,300,217,77.600002,77.600002,source_82
82,376.252,485.5683,605.476,0,700,300,217,100.100003,100.100003,source_82
82,376.252,485.5683,605.476,0,500,500,100,95.600002,95.600002,source_82
83,627.4369,421.2301,414.5585,0,500,500,900,94.400004,94.400004,source_83
83,627.4369,421.2301,414.5585,0,783,500,783,72.499998,72.499998,source_83
83,627.4369,421.2301,414.5585,0,500,217,783,79.999998,79.999998,source_83
83,627.4369,421.2301,414.5585,0,900,500,500,44,44,source_83
83,627.4369,421.2301,414.5585,0,700,846,500,80.899999,80.899999,source_83
83,627.4369,421.2301,414.5585,0,300,846,500,114.200003,114.200003,source_83
83,627.4369,421.2301,414.5585,0,100,500,500,113.600001,113.600001,source_83
83,627.4369,421.2301,414.5585,0,300,154,500,78.500003,78.500003,source_83
83,627.4369,421.2301,414.5585,0,700,154,500,43.699998,43.699998,source_83
83,627.4369,421.2301,414.5585,0,700,700,217,57.500001,57.500001,source_83
83,627.4369,421.2301,414.5585,0,300,700,217,86.900003,86.900003,source_83
83,627.4369,421.2301,414.5585,0,300,300,217,71.900003,71.900003,source_83
83,627.4369,421.2301,414.5585,0,700,300,217,29.300001,29.300001,source_83
83,627.4369,421.2301,414.5585,0,500,500,100,57.500001,57.500001,source_83
84,624.7488,455.8828,414.9657,0,500,500,900,92.299998,92.299998,source_84
84,624.7488,455.8828,414.9657,0,500,783,783,94.700001,94.700001,source_84
84,624.7488,455.8828,414.9657,0,217,500,783,100.100003,100.100003,source_84
84,624.7488,455.8828,414.9657,0,500,217,783,81.200004,81.200004,source_84
84,624.7488,455.8828,414.9657,0,900,500,500,43.699998,43.699998,source_84
84,624.7488,455.8828,414.9657,0,300,846,500,104.900002,104.900002,source_84
84,624.7488,455.8828,414.9657,0,100,500,500,109.700002,109.700002,source_84
84,624.7488,455.8828,414.9657,0,300,154,500,94.700001,94.700001,source_84
84,624.7488,455.8828,414.9657,0,700,154,500,52.099999,52.099999,source_84
84,624.7488,455.8828,414.9657,0,700,700,217,49.1,49.1,source_84
84,624.7488,455.8828,414.9657,0,300,700,217,81.500001,81.500001,source_84
84,624.7488,455.8828,414.9657,0,300,300,217,71.900003,71.900003,source_84
84,624.7488,455.8828,414.9657,0,700,300,217,34.699999,34.699999,source_84
84,624.7488,455.8828,414.9657,0,500,500,100,54.8,54.8,source_84
85,432.0491,544.2316,420.5582,0,500,500,900,86.000003,86.000003,source_85
85,432.0491,544.2316,420.5582,0,500,783,783,76.700002,76.700002,source_85
85,432.0491,544.2316,420.5582,0,217,500,783,73.700003,73.700003,source_85
85,432.0491,544.2316,420.5582,0,500,217,783,85.699998,85.699998,source_85
85,432.0491,544.2316,420.5582,0,900,500,500,86.900003,86.900003,source_85
85,432.0491,544.2316,420.5582,0,700,846,500,71.3,71.3,source_85
85,432.0491,544.2316,420.5582,0,300,846,500,53.300001,53.300001,source_85
85,432.0491,544.2316,420.5582,0,100,500,500,58.1,58.1,source_85
85,432.0491,544.2316,420.5582,0,300,154,500,84.799998,84.799998,source_85
85,432.0491,544.2316,420.5582,0,700,154,500,95.299996,95.299996,source_85
85,432.0491,544.2316,420.5582,0,700,700,217,61.099999,61.099999,source_85
85,432.0491,544.2316,420.5582,0,300,700,217,41.900001,41.900001,source_85
85,432.0491,544.2316,420.5582,0,300,300,217,53.599998,53.599998,source_85
85,432.0491,544.2316,420.5582,0,700,300,217,72.499998,72.499998,source_85
85,432.0491,544.2316,420.5582,0,500,500,100,52.700002,52.700002,source_85
86,579.5487,357.8032,500.792,0,500,500,900,77.600002,77.600002,source_86
86,579.5487,357.8032,500.792,0,783,500,783,61.999999,61.999999,source_86
86,579.5487,357.8032,500.792,0,500,783,783,96.500002,96.500002,source_86
86,579.5487,357.8032,500.792,0,217,500,783,87.499999,87.499999,source_86
86,579.5487,357.8032,500.792,0,500,217,783,51.5,51.5,source_86
86,579.5487,357.8032,500.792,0,900,500,500,244.399995,244.399995,source_86
86,579.5487,357.8032,500.792,0,300,846,500,61.4,61.4,source_86
86,579.5487,357.8032,500.792,0,100,500,500,257.9,257.9,source_86
86,579.5487,357.8032,500.792,0,300,154,500,70.4,70.4,source_86
86,579.5487,357.8032,500.792,0,700,700,217,82.400002,82.400002,source_86
86,579.5487,357.8032,500.792,0,300,700,217,96.799999,96.799999,source_86
86,579.5487,357.8032,500.792,0,300,300,217,71.3,71.3,source_86
86,579.5487,357.8032,500.792,0,700,300,217,46.100002,46.100002,source_86
86,579.5487,357.8032,500.792,0,500,500,100,77.600002,77.600002,source_86
87,460.7896,506.7621,586.4266,0,500,500,900,47.899999,47.899999,source_87
87,460.7896,506.7621,586.4266,0,783,500,783,61.999999,61.999999,source_87
87,460.7896,506.7621,586.4266,0,500,783,783,53.300001,53.300001,source_87
87,460.7896,506.7621,586.4266,0,217,500,783,46.399999,46.399999,source_87
87,460.7896,506.7621,586.4266,0,500,217,783,57.2,57.2,source_87
87,460.7896,506.7621,586.4266,0,900,500,500,79.700001,79.700001,source_87
87,460.7896,506.7621,586.4266,0,700,846,500,167.300001,167.300001,source_87
87,460.7896,506.7621,586.4266,0,300,846,500,66.500001,66.500001,source_87
87,460.7896,506.7621,586.4266,0,100,500,500,61.999999,61.999999,source_87
87,460.7896,506.7621,586.4266,0,300,154,500,67.699999,67.699999,source_87
87,460.7896,506.7621,586.4266,0,700,154,500,172.099993,172.099993,source_87
87,460.7896,506.7621,586.4266,0,700,700,217,85.100003,85.100003,source_87
87,460.7896,506.7621,586.4266,0,300,700,217,76.099999,76.099999,source_87
87,460.7896,506.7621,586.4266,0,300,300,217,77.600002,77.600002,source_87
87,460.7896,506.7621,586.4266,0,700,300,217,82.400002,82.400002,source_87
87,460.7896,506.7621,586.4266,0,500,500,100,86.300001,86.300001,source_87
88,598.2051,515.1974,425.0954,0,500,500,900,86.900003,86.900003,source_88
88,598.2051,515.1974,425.0954,0,783,500,783,68.300001,68.300001,source_88
88,598.2051,515.1974,425.0954,0,500,783,783,81.200004,81.200004,source_88
88,598.2051,515.1974,425.0954,0,500,217,783,85.699998,85.699998,source_88
88,598.2051,515.1974,425.0954,0,900,500,500,48.500001,48.500001,source_88
88,598.2051,515.1974,425.0954,0,700,846,500,58.1,58.1,source_88
88,598.2051,515.1974,425.0954,0,300,846,500,90.499997,90.499997,source_88
88,598.2051,515.1974,425.0954,0,100,500,500,101.899996,101.899996,source_88
88,598.2051,515.1974,425.0954,0,300,154,500,85.699998,85.699998,source_88
88,598.2051,515.1974,425.0954,0,700,154,500,66.500001,66.500001,source_88
88,598.2051,515.1974,425.0954,0,700,700,217,42.800002,42.800002,source_88
88,598.2051,515.1974,425.0954,0,300,700,217,70.4,70.4,source_88
88,598.2051,515.1974,425.0954,0,300,300,217,72.499998,72.499998,source_88
88,598.2051,515.1974,425.0954,0,700,300,217,47.899999,47.899999,source_88
88,598.2051,515.1974,425.0954,0,500,500,100,53.9,53.9,source_88
89,448.7028,365.6977,518.5629,0,500,500,900,71.900003,71.900003,source_89
89,448.7028,365.6977,518.5629,0,783,500,783,81.200004,81.200004,source_89
89,448.7028,365.6977,518.5629,0,500,783,783,90.499997,90.499997,source_89
89,448.7028,365.6977,518.5629,0,217,500,783,61.999999,61.999999,source_89
89,448.7028,365.6977,518.5629,0,500,217,783,46.399999,46.399999,source_89
89,448.7028,365.6977,518.5629,0,900,500,500,100.100003,100.100003,source_89
89,448.7028,365.6977,518.5629,0,700,846,500,112.099998,112.099998,source_89
89,448.7028,365.6977,518.5629,0,100,500,500,245.900005,245.900005,source_89
89,448.7028,365.6977,518.5629,0,300,154,500,47.3,47.3,source_89
89,448.7028,365.6977,518.5629,0,700,154,500,66.500001,66.500001,source_89
89,448.7028,365.6977,518.5629,0,700,700,217,95.299996,95.299996,source_89
89,448.7028,365.6977,518.5629,0,300,700,217,84.799998,84.799998,source_89
89,448.7028,365.6977,518.5629,0,300,300,217,55.100001,55.100001,source_89
89,448.7028,365.6977,518.5629,0,700,300,217,68.300001,68.300001,source_89
89,448.7028,365.6977,518.5629,0,500,500,100,79.999998,79.999998,source_89
90,560.585,506.8185,694.55,0,500,500,900,23.600001,23.600001,source_90
90,560.585,506.8185,694.55,0,783,500,783,29.300001,29.300001,source_90
90,560.585,506.8185,694.55,0,500,783,783,43.699998,43.699998,source_90
90,560.585,506.8185,694.55,0,217,500,783,60.800001,60.800001,source_90
90,560.585,506.8185,694.55,0,500,217,783,47.600001,47.600001,source_90
90,560.585,506.8185,694.55,0,900,500,500,67.100003,67.100003,source_90
90,560.585,506.8185,694.55,0,700,846,500,72.499998,72.499998,source_90
90,560.585,506.8185,694.55,0,300,846,500,86.900003,86.900003,source_90
90,560.585,506.8185,694.55,0,100,500,500,95.600002,95.600002,source_90
90,560.585,506.8185,694.55,0,300,154,500,89.599997,89.599997,source_90
90,560.585,506.8185,694.55,0,700,154,500,76.700002,76.700002,source_90
90,560.585,506.8185,694.55,0,300,700,217,109.700002,109.700002,source_90
90,560.585,506.8185,694.55,0,700,300,217,100.100003,100.100003,source_90
90,560.585,506.8185,694.55,0,500,500,100,115.099996,115.099996,source_90
91,524.0016,382.2979,420.9059,0,500,500,900,91.1,91.1,source_91
91,524.0016,382.2979,420.9059,0,783,500,783,82.099997,82.099997,source_91
91,524.0016,382.2979,420.9059,0,500,783,783,97.999997,97.999997,source_91
91,524.0016,382.2979,420.9059,0,217,500,783,89.599997,89.599997,source_91
91,524.0016,382.2979,420.9059,0,500,217,783,68.300001,68.300001,source_91
91,524.0016,382.2979,420.9059,0,900,500,500,71.3,71.3,source_91
91,524.0016,382.2979,420.9059,0,700,846,500,104.000002,104.000002,source_91
91,524.0016,382.2979,420.9059,0,300,846,500,104.900002,104.900002,source_91
91,524.0016,382.2979,420.9059,0,100,500,500,82.099997,82.099997,source_91
91,524.0016,382.2979,420.9059,0,300,154,500,53.300001,53.300001,source_91
91,524.0016,382.2979,420.9059,0,700,154,500,46.399999,46.399999,source_91
91,524.0016,382.2979,420.9059,0,700,700,217,72.499998,72.499998,source_91
91,524.0016,382.2979,420.9059,0,300,700,217,77.600002,77.600002,source_91
91,524.0016,382.2979,420.9059,0,300,300,217,47.899999,47.899999,source_91
91,524.0016,382.2979,420.9059,0,700,300,217,39.500002,39.500002,source_91
91,524.0016,382.2979,420.9059,0,500,500,100,56.000002,56.000002,source_91
92,593.8768,641.724,526.9279,0,500,500,900,71.900003,71.900003,source_92
92,593.8768,641.724,526.9279,0,783,500,783,57.500001,57.500001,source_92
92,593.8768,641.724,526.9279,0,500,783,783,44.300001,44.300001,source_92
92,593.8768,641.724,526.9279,0,217,500,783,87.200001,87.200001,source_92
92,593.8768,641.724,526.9279,0,500,217,783,94.700001,94.700001,source_92
92,593.8768,641.724,526.9279,0,900,500,500,242.899999,242.899999,source_92
92,593.8768,641.724,526.9279,0,300,846,500,71.3,71.3,source_92
92,593.8768,641.724,526.9279,0,100,500,500,257.9,257.9,source_92
92,593.8768,641.724,526.9279,0,300,154,500,119.3,119.3,source_92
92,593.8768,641.724,526.9279,0,700,700,217,52.700002,52.700002,source_92
92,593.8768,641.724,526.9279,0,300,700,217,77.600002,77.600002,source_92
92,593.8768,641.724,526.9279,0,300,300,217,100.400001,100.400001,source_92
92,593.8768,641.724,526.9279,0,700,300,217,86.300001,86.300001,source_92
92,593.8768,641.724,526.9279,0,500,500,100,85.100003,85.100003,source_92
93,607.3782,543.858,569.2332,0,500,500,900,57.2,57.2,source_93
93,607.3782,543.858,569.2332,0,783,500,783,37.999999,37.999999,source_93
93,607.3782,543.858,569.2332,0,500,783,783,52.700002,52.700002,source_93
93,607.3782,543.858,569.2332,0,217,500,783,79.999998,79.999998,source_93
93,607.3782,543.858,569.2332,0,500,217,783,70.100002,70.100002,source_93
93,607.3782,543.858,569.2332,0,900,500,500,47.3,47.3,source_93
93,607.3782,543.858,569.2332,0,700,846,500,52.099999,52.099999,source_93
93,607.3782,543.858,569.2332,0,300,846,500,77.299997,77.299997,source_93
93,607.3782,543.858,569.2332,0,100,500,500,104.900002,104.900002,source_93
93,607.3782,543.858,569.2332,0,700,154,500,71.3,71.3,source_93
93,607.3782,543.858,569.2332,0,700,700,217,67.699999,67.699999,source_93
93,607.3782,543.858,569.2332,0,300,700,217,87.499999,87.499999,source_93
93,607.3782,543.858,569.2332,0,700,300,217,77.600002,77.600002,source_93
93,607.3782,543.858,569.2332,0,500,500,100,86.300001,86.300001,source_93
94,500.1956,404.162,601.1517,0,500,500,900,47.899999,47.899999,source_94
94,500.1956,404.162,601.1517,0,783,500,783,57.2,57.2,source_94
94,500.1956,404.162,601.1517,0,500,783,783,76.099999,76.099999,source_94
94,500.1956,404.162,601.1517,0,217,500,783,57.2,57.2,source_94
94,500.1956,404.162,601.1517,0,500,217,783,34.400001,34.400001,source_94
94,500.1956,404.162,601.1517,0,900,500,500,76.099999,76.099999,source_94
94,500.1956,404.162,601.1517,0,700,846,500,100.100003,100.100003,source_94
94,500.1956,404.162,601.1517,0,300,846,500,100.100003,100.100003,source_94
94,500.1956,404.162,601.1517,0,100,500,500,76.099999,76.099999,source_94
94,500.1956,404.162,601.1517,0,300,154,500,53.599998,53.599998,source_94
94,500.1956,404.162,601.1517,0,700,154,500,53.599998,53.599998,source_94
94,500.1956,404.162,601.1517,0,300,300,217,78.500003,78.500003,source_94
94,500.1956,404.162,601.1517,0,700,300,217,78.500003,78.500003,source_94
94,500.1956,404.162,601.1517,0,500,500,100,92.299998,92.299998,source_94
95,671.3076,566.6893,506.7832,0,500,500,900,78.8,78.8,source_95
95,671.3076,566.6893,506.7832,0,783,500,783,44.300001,44.300001,source_95
95,671.3076,566.6893,506.7832,0,500,783,783,67.100003,67.100003,source_95
95,671.3076,566.6893,506.7832,0,217,500,783,101.300001,101.300001,source_95
95,671.3076,566.6893,506.7832,0,500,217,783,89.900002,89.900002,source_95
95,671.3076,566.6893,506.7832,0,300,846,500,256.099999,256.099999,source_95
95,671.3076,566.6893,506.7832,0,100,500,500,268.099993,268.099993,source_95
95,671.3076,566.6893,506.7832,0,300,154,500,254.000008,254.000008,source_95
95,671.3076,566.6893,506.7832,0,700,154,500,85.699998,85.699998,source_95
95,671.3076,566.6893,506.7832,0,700,700,217,48.500001,48.500001,source_95
95,671.3076,566.6893,506.7832,0,300,700,217,89.900002,89.900002,source_95
95,671.3076,566.6893,506.7832,0,300,300,217,100.400001,100.400001,source_95
95,671.3076,566.6893,506.7832,0,700,300,217,68.000004,68.000004,source_95
95,671.3076,566.6893,506.7832,0,500,500,100,81.200004,81.200004,source_95
96,429.5972,569.4505,450.9733,0,500,500,900,82.099997,82.099997,source_96
96,429.5972,569.4505,450.9733,0,783,500,783,85.699998,85.699998,source_96
96,429.5972,569.4505,450.9733,0,500,783,783,68.000004,68.000004,source_96
96,429.5972,569.4505,450.9733,0,217,500,783,68.000004,68.000004,source_96
96,429.5972,569.4505,450.9733,0,500,217,783,85.699998,85.699998,source_96
96,429.5972,569.4505,450.9733,0,900,500,500,96.799999,96.799999,source_96
96,429.5972,569.4505,450.9733,0,700,846,500,67.699999,67.699999,source_96
96,429.5972,569.4505,450.9733,0,300,846,500,47.899999,47.899999,source_96
96,429.5972,569.4505,450.9733,0,100,500,500,56.899998,56.899998,source_96
96,429.5972,569.4505,450.9733,0,300,154,500,90.499997,90.499997,source_96
96,429.5972,569.4505,450.9733,0,700,154,500,100.100003,100.100003,source_96
96,429.5972,569.4505,450.9733,0,700,700,217,61.999999,61.999999,source_96
96,429.5972,569.4505,450.9733,0,300,700,217,43.099999,43.099999,source_96
96,429.5972,569.4505,450.9733,0,300,300,217,61.999999,61.999999,source_96
96,429.5972,569.4505,450.9733,0,700,300,217,77.9,77.9,source_96
96,429.5972,569.4505,450.9733,0,500,500,100,58.400001,58.400001,source_96
97,547.7127,387.1961,347.8811,0,500,500,900,106.399998,106.399998,source_97
97,547.7127,387.1961,347.8811,0,783,500,783,96.500002,96.500002,source_97
97,547.7127,387.1961,347.8811,0,217,500,783,104.900002,104.900002,source_97
97,547.7127,387.1961,347.8811,0,500,217,783,87.200001,87.200001,source_97
97,547.7127,387.1961,347.8811,0,900,500,500,70.100002,70.100002,source_97
97,547.7127,387.1961,347.8811,0,700,846,500,96.500002,96.500002,source_97
97,547.7127,387.1961,347.8811,0,300,846,500,104.900002,104.900002,source_97
97,547.7127,387.1961,347.8811,0,100,500,500,91.700003,91.700003,source_97
97,547.7127,387.1961,347.8811,0,300,154,500,62.899999,62.899999,source_97
97,547.7127,387.1961,347.8811,0,700,154,500,48.799999,48.799999,source_97
97,547.7127,387.1961,347.8811,0,700,700,217,62.3,62.3,source_97
97,547.7127,387.1961,347.8811,0,300,700,217,75.499997,75.499997,source_97
97,547.7127,387.1961,347.8811,0,300,300,217,42.800002,42.800002,source_97
97,547.7127,387.1961,347.8811,0,700,300,217,23.9,23.9,source_97
97,547.7127,387.1961,347.8811,0,500,500,100,37.999999,37.999999,source_97
98,616.8621,455.6842,483.5819,0,500,500,900,76.399997,76.399997,source_98
98,616.8621,455.6842,483.5819,0,783,500,783,56.299999,56.299999,source_98
98,616.8621,455.6842,483.5819,0,500,783,783,82.099997,82.099997,source_98
98,616.8621,455.6842,483.5819,0,217,500,783,90.499997,90.499997,source_98
98,616.8621,455.6842,483.5819,0,500,217,783,67.100003,67.100003,source_98
98,616.8621,455.6842,483.5819,0,900,500,500,52.099999,52.099999,source_98
98,616.8621,455.6842,483.5819,0,700,846,500,80.899999,80.899999,source_98
98,616.8621,455.6842,483.5819,0,300,846,500,102.799997,102.799997,source_98
98,616.8621,455.6842,483.5819,0,100,500,500,106.1,106.1,source_98
98,616.8621,455.6842,483.5819,0,300,154,500,90.499997,90.499997,source_98
98,616.8621,455.6842,483.5819,0,700,154,500,61.700001,61.700001,source_98
98,616.8621,455.6842,483.5819,0,700,700,217,61.700001,61.700001,source_98
98,616.8621,455.6842,483.5819,0,300,700,217,85.699998,85.699998,source_98
98,616.8621,455.6842,483.5819,0,300,300,217,77.299997,77.299997,source_98
98,616.8621,455.6842,483.5819,0,700,300,217,48.500001,48.500001,source_98
98,616.8621,455.6842,483.5819,0,500,500,100,68.000004,68.000004,source_98
99,440.2344,423.7289,520.623,0,500,500,900,65.6,65.6,source_99
99,440.2344,423.7289,520.623,0,783,500,783,76.700002,76.700002,source_99
99,440.2344,423.7289,520.623,0,500,783,783,78.500003,78.500003,source_99
99,440.2344,423.7289,520.623,0,217,500,783,56.299999,56.299999,source_99
99,440.2344,423.7289,520.623,0,500,217,783,52.700002,52.700002,source_99
99,440.2344,423.7289,520.623,0,900,500,500,95.299996,95.299996,source_99
99,440.2344,423.7289,520.623,0,700,846,500,101.599999,101.599999,source_99
99,440.2344,423.7289,520.623,0,300,846,500,90.499997,90.499997,source_99
99,440.2344,423.7289,520.623,0,300,154,500,60.5,60.5,source_99
99,440.2344,423.7289,520.623,0,700,154,500,76.099999,76.099999,source_99
99,440.2344,423.7289,520.623,0,700,700,217,85.699998,85.699998,source_99
99,440.2344,423.7289,520.623,0,300,700,217,73.700003,73.700003,source_99
99,440.2344,423.7289,520.623,0,300,300,217,57.500001,57.500001,source_99
99,440.2344,423.7289,520.623,0,700,300,217,71.3,71.3,source_99
99,440.2344,423.7289,520.623,0,500,500,100,73.100001,73.100001,source_99
100,641.2127,431.399,584.8533,0,500,500,900,58.400001,58.400001,source_100
100,641.2127,431.399,584.8533,0,783,500,783,32.299999,32.299999,source_100
100,641.2127,431.399,584.8533,0,500,783,783,77.299997,77.299997,source_100
100,641.2127,431.399,584.8533,0,217,500,783,86.900003,86.900003,source_100
100,641.2127,431.399,584.8533,0,500,217,783,49.699999,49.699999,source_100
100,641.2127,431.399,584.8533,0,900,500,500,40.399998,40.399998,source_100
100,641.2127,431.399,584.8533,0,700,846,500,76.399997,76.399997,source_100
100,641.2127,431.399,584.8533,0,300,846,500,109.700002,109.700002,source_100
100,641.2127,431.399,584.8533,0,100,500,500,114.500001,114.500001,source_100
100,641.2127,431.399,584.8533,0,300,154,500,82.099997,82.099997,source_100
100,641.2127,431.399,584.8533,0,700,154,500,42.800002,42.800002,source_100
100,641.2127,431.399,584.8533,0,300,300,217,96.799999,96.799999,source_100
100,641.2127,431.399,584.8533,0,700,300,217,66.500001,66.500001,source_100
100,641.2127,431.399,584.8533,0,500,500,100,95.899999,95.899999,source_100
101,479.3388,413.8304,403.8858,0,500,500,900,91.700003,91.700003,source_101
101,479.3388,413.8304,403.8858,0,783,500,783,88.100001,88.100001,source_101
101,479.3388,413.8304,403.8858,0,500,783,783,95.299996,95.299996,source_101
101,479.3388,413.8304,403.8858,0,217,500,783,82.099997,82.099997,source_101
101,479.3388,413.8304,403.8858,0,500,217,783,76.700002,76.700002,source_101
101,479.3388,413.8304,403.8858,0,900,500,500,91.700003,91.700003,source_101
101,479.3388,413.8304,403.8858,0,700,846,500,100.100003,100.100003,source_101
101,479.3388,413.8304,403.8858,0,300,846,500,176.899999,176.899999,source_101
101,479.3388,413.8304,403.8858,0,100,500,500,70.100002,70.100002,source_101
101,479.3388,413.8304,403.8858,0,300,154,500,53.300001,53.300001,source_101
101,479.3388,413.8304,403.8858,0,700,154,500,58.400001,58.400001,source_101
101,479.3388,413.8304,403.8858,0,700,700,217,71.599998,71.599998,source_101
101,479.3388,413.8304,403.8858,0,300,700,217,66.500001,66.500001,source_101
101,479.3388,413.8304,403.8858,0,300,300,217,40.7,40.7,source_101
101,479.3388,413.8304,403.8858,0,700,300,217,46.399999,46.399999,source_101
101,479.3388,413.8304,403.8858,0,500,500,100,47.899999,47.899999,source_101
102,388.7165,646.4552,383.8186,0,500,500,900,105.2,105.2,source_102
102,388.7165,646.4552,383.8186,0,500,783,783,79.999998,79.999998,source_102
102,388.7165,646.4552,383.8186,0,217,500,783,84.799998,84.799998,source_102
102,388.7165,646.4552,383.8186,0,900,500,500,117.5,117.5,source_102
102,388.7165,646.4552,383.8186,0,700,846,500,67.699999,67.699999,source_102
102,388.7165,646.4552,383.8186,0,300,846,500,32.000002,32.000002,source_102
102,388.7165,646.4552,383.8186,0,100,500,500,57.500001,57.500001,source_102
102,388.7165,646.4552,383.8186,0,700,154,500,198.799998,198.799998,source_102
102,388.7165,646.4552,383.8186,0,700,700,217,58.699999,58.699999,source_102
102,388.7165,646.4552,383.8186,0,300,700,217,19.099999,19.099999,source_102
102,388.7165,646.4552,383.8186,0,300,300,217,67.100003,67.100003,source_102
102,388.7165,646.4552,383.8186,0,700,300,217,94.700001,94.700001,source_102
102,388.7165,646.4552,383.8186,0,500,500,100,53.9,53.9,source_102
103,598.6698,443.2169,444.3693,0,500,500,900,83.6,83.6,source_103
103,598.6698,443.2169,444.3693,0,783,500,783,67.100003,67.100003,source_103
103,598.6698,443.2169,444.3693,0,500,783,783,85.699998,85.699998,source_103
103,598.6698,443.2169,444.3693,0,500,217,783,72.499998,72.499998,source_103
103,598.6698,443.2169,444.3693,0,900,500,500,48.500001,48.500001,source_103
103,598.6698,443.2169,444.3693,0,300,846,500,101.899996,101.899996,source_103
103,598.6698,443.2169,444.3693,0,100,500,500,101.899996,101.899996,source_103
103,598.6698,443.2169,444.3693,0,300,154,500,84.799998,84.799998,source_103
103,598.6698,443.2169,444.3693,0,700,154,500,47.600001,47.600001,source_103
103,598.6698,443.2169,444.3693,0,700,700,217,57.500001,57.500001,source_103
103,598.6698,443.2169,444.3693,0,300,700,217,80.300003,80.300003,source_103
103,598.6698,443.2169,444.3693,0,300,300,217,67.699999,67.699999,source_103
103,598.6698,443.2169,444.3693,0,700,300,217,41.6,41.6,source_103
103,598.6698,443.2169,444.3693,0,500,500,100,59.599999,59.599999,source_103
104,546.8057,504.0189,691.2282,0,500,500,900,23.600001,23.600001,source_104
104,546.8057,504.0189,691.2282,0,783,500,783,34.1,34.1,source_104
104,546.8057,504.0189,691.2282,0,500,783,783,44,44,source_104
104,546.8057,504.0189,691.2282,0,217,500,783,57.2,57.2,source_104
104,546.8057,504.0189,691.2282,0,500,217,783,47.3,47.3,source_104
104,546.8057,504.0189,691.2282,0,900,500,500,70.4,70.4,source_104
104,546.8057,504.0189,691.2282,0,700,846,500,75.199999,75.199999,source_104
104,546.8057,504.0189,691.2282,0,300,846,500,85.699998,85.699998,source_104
104,546.8057,504.0189,691.2282,0,100,500,500,91.1,91.1,source_104
104,546.8057,504.0189,691.2282,0,300,154,500,86.300001,86.300001,source_104
104,546.8057,504.0189,691.2282,0,700,154,500,76.700002,76.700002,source_104
104,546.8057,504.0189,691.2282,0,300,700,217,106.1,106.1,source_104
104,546.8057,504.0189,691.2282,0,500,500,100,111.500002,111.500002,source_104
105,477.6553,600.4623,544.5019,0,500,500,900,61.999999,61.999999,source_105
105,477.6553,600.4623,544.5019,0,783,500,783,67.100003,67.100003,source_105
105,477.6553,600.4623,544.5019,0,500,783,783,42.800002,42.800002,source_105
105,477.6553,600.4623,544.5019,0,217,500,783,59.599999,59.599999,source_105
105,477.6553,600.4623,544.5019,0,500,217,783,79.999998,79.999998,source_105
105,477.6553,600.4623,544.5019,0,900,500,500,90.499997,90.499997,source_105
105,477.6553,600.4623,544.5019,0,300,846,500,47.3,47.3,source_105
105,477.6553,600.4623,544.5019,0,100,500,500,243.499994,243.499994,source_105
105,477.6553,600.4623,544.5019,0,300,154,500,96.799999,96.799999,source_105
105,477.6553,600.4623,544.5019,0,700,154,500,100.100003,100.100003,source_105
105,477.6553,600.4623,544.5019,0,700,700,217,71.3,71.3,source_105
105,477.6553,600.4623,544.5019,0,300,700,217,63.500002,63.500002,source_105
105,477.6553,600.4623,544.5019,0,300,300,217,83.300002,83.300002,source_105
105,477.6553,600.4623,544.5019,0,500,500,100,80.300003,80.300003,source_105
106,388.1186,608.5155,596.0419,0,500,500,900,56.000002,56.000002,source_106
106,388.1186,608.5155,596.0419,0,783,500,783,82.099997,82.099997,source_106
106,388.1186,608.5155,596.0419,0,500,783,783,37.999999,37.999999,source_106
106,388.1186,608.5155,596.0419,0,217,500,783,37.999999,37.999999,source_106
106,388.1186,608.5155,596.0419,0,500,217,783,82.099997,82.099997,source_106
106,388.1186,608.5155,596.0419,0,900,500,500,111.199997,111.199997,source_106
106,388.1186,608.5155,596.0419,0,700,846,500,71.599998,71.599998,source_106
106,388.1186,608.5155,596.0419,0,300,846,500,37.999999,37.999999,source_106
106,388.1186,608.5155,596.0419,0,100,500,500,49.1,49.1,source_106
106,388.1186,608.5155,596.0419,0,700,154,500,114.500001,114.500001,source_106
106,388.1186,608.5155,596.0419,0,700,700,217,95.299996,95.299996,source_106
106,388.1186,608.5155,596.0419,0,300,700,217,68.000004,68.000004,source_106
106,388.1186,608.5155,596.0419,0,300,300,217,94.700001,94.700001,source_106
106,388.1186,608.5155,596.0419,0,700,300,217,108.499996,108.499996,source_106
106,388.1186,608.5155,596.0419,0,500,500,100,95.600002,95.600002,source_106
107,597.1634,502.6883,416.8672,0,500,500,900,88.100001,88.100001,source_107
107,597.1634,502.6883,416.8672,0,783,500,783,72.499998,72.499998,source_107
107,597.1634,502.6883,416.8672,0,500,783,783,82.699999,82.699999,source_107
107,597.1634,502.6883,416.8672,0,217,500,783,95.600002,95.600002,source_107
107,597.1634,502.6883,416.8672,0,500,217,783,85.699998,85.699998,source_107
107,597.1634,502.6883,416.8672,0,900,500,500,48.799999,48.799999,source_107
107,597.1634,502.6883,416.8672,0,700,846,500,62.899999,62.899999,source_107
107,597.1634,502.6883,416.8672,0,300,846,500,95.299996,95.299996,source_107
107,597.1634,502.6883,416.8672,0,100,500,500,101.899996,101.899996,source_107
107,597.1634,502.6883,416.8672,0,300,154,500,85.699998,85.699998,source_107
107,597.1634,502.6883,416.8672,0,700,154,500,62.899999,62.899999,source_107
107,597.1634,502.6883,416.8672,0,700,700,217,43.099999,43.099999,source_107
107,597.1634,502.6883,416.8672,0,300,700,217,71.3,71.3,source_107
107,597.1634,502.6883,416.8672,0,300,300,217,71.3,71.3,source_107
107,597.1634,502.6883,416.8672,0,700,300,217,43.699998,43.699998,source_107
107,597.1634,502.6883,416.8672,0,500,500,100,52.700002,52.700002,source_107
108,561.2674,558.2192,446.3843,0,500,500,900,82.099997,82.099997,source_108
108,561.2674,558.2192,446.3843,0,783,500,783,68.300001,68.300001,source_108
108,561.2674,558.2192,446.3843,0,500,783,783,68.899997,68.899997,source_108
108,561.2674,558.2192,446.3843,0,217,500,783,85.699998,85.699998,source_108
108,561.2674,558.2192,446.3843,0,500,217,783,85.699998,85.699998,source_108
108,561.2674,558.2192,446.3843,0,900,500,500,58.1,58.1,source_108
108,561.2674,558.2192,446.3843,0,700,846,500,49.1,49.1,source_108
108,561.2674,558.2192,446.3843,0,300,846,500,67.699999,67.699999,source_108
108,561.2674,558.2192,446.3843,0,100,500,500,95.299996,95.299996,source_108
108,561.2674,558.2192,446.3843,0,300,154,500,95.299996,95.299996,source_108
108,561.2674,558.2192,446.3843,0,700,154,500,85.699998,85.699998,source_108
108,561.2674,558.2192,446.3843,0,700,700,217,42.800002,42.800002,source_108
108,561.2674,558.2192,446.3843,0,300,700,217,61.099999,61.099999,source_108
108,561.2674,558.2192,446.3843,0,300,300,217,74.900001,74.900001,source_108
108,561.2674,558.2192,446.3843,0,700,300,217,61.099999,61.099999,source_108
108,561.2674,558.2192,446.3843,0,500,500,100,57.2,57.2,source_108
109,421.5057,490.5964,570.6572,0,500,500,900,53.9,53.9,source_109
109,421.5057,490.5964,570.6572,0,783,500,783,72.499998,72.499998,source_109
109,421.5057,490.5964,570.6572,0,500,783,783,60.800001,60.800001,source_109
109,421.5057,490.5964,570.6572,0,217,500,783,41.900001,41.900001,source_109
109,421.5057,490.5964,570.6572,0,500,217,783,57.500001,57.500001,source_109
109,421.5057,490.5964,570.6572,0,900,500,500,99.5,99.5,source_109
109,421.5057,490.5964,570.6572,0,700,846,500,80.899999,80.899999,source_109
109,421.5057,490.5964,570.6572,0,300,846,500,64.099997,64.099997,source_109
109,421.5057,490.5964,570.6572,0,100,500,500,52.4,52.4,source_109
109,421.5057,490.5964,570.6572,0,300,154,500,60.5,60.5,source_109
109,421.5057,490.5964,570.6572,0,700,154,500,78.500003,78.500003,source_109
109,421.5057,490.5964,570.6572,0,700,700,217,86.000003,86.000003,source_109
109,421.5057,490.5964,570.6572,0,300,700,217,73.100001,73.100001,source_109
109,421.5057,490.5964,570.6572,0,300,300,217,71.3,71.3,source_109
109,421.5057,490.5964,570.6572,0,700,300,217,85.699998,85.699998,source_109
109,421.5057,490.5964,570.6572,0,500,500,100,84.799998,84.799998,source_109
110,307.6477,335.8552,469.7583,0,500,500,900,96.500002,96.500002,source_110
110,307.6477,335.8552,469.7583,0,783,500,783,115.699999,115.699999,source_110
110,307.6477,335.8552,469.7583,0,500,783,783,115.099996,115.099996,source_110
110,307.6477,335.8552,469.7583,0,217,500,783,61.099999,61.099999,source_110
110,307.6477,335.8552,469.7583,0,500,217,783,67.100003,67.100003,source_110
110,307.6477,335.8552,469.7583,0,900,500,500,269.899994,269.899994,source_110
110,307.6477,335.8552,469.7583,0,700,846,500,274.699986,274.699986,source_110
110,307.6477,335.8552,469.7583,0,300,846,500,110.9,110.9,source_110
110,307.6477,335.8552,469.7583,0,300,154,500,18.5,18.5,source_110
110,307.6477,335.8552,469.7583,0,700,154,500,90.499997,90.499997,source_110
110,307.6477,335.8552,469.7583,0,700,700,217,114.799999,114.799999,source_110
110,307.6477,335.8552,469.7583,0,300,700,217,80.300003,80.300003,source_110
110,307.6477,335.8552,469.7583,0,700,300,217,85.699998,85.699998,source_110
110,307.6477,335.8552,469.7583,0,500,500,100,81.500001,81.500001,source_110
111,498.2645,366.1508,567.7205,0,500,500,900,60.5,60.5,source_111
111,498.2645,366.1508,567.7205,0,783,500,783,64.7,64.7,source_111
111,498.2645,366.1508,567.7205,0,500,783,783,86.300001,86.300001,source_111
111,498.2645,366.1508,567.7205,0,217,500,783,62.899999,62.899999,source_111
111,498.2645,366.1508,567.7205,0,500,217,783,33.199999,33.199999,source_111
111,498.2645,366.1508,567.7205,0,900,500,500,76.099999,76.099999,source_111
111,498.2645,366.1508,567.7205,0,700,846,500,109.700002,109.700002,source_111
111,498.2645,366.1508,567.7205,0,300,846,500,109.099999,109.099999,source_111
111,498.2645,366.1508,567.7205,0,100,500,500,76.099999,76.099999,source_111
111,498.2645,366.1508,567.7205,0,300,154,500,44,44,source_111
111,498.2645,366.1508,567.7205,0,700,154,500,44.300001,44.300001,source_111
111,498.2645,366.1508,567.7205,0,700,700,217,95.299996,95.299996,source_111
111,498.2645,366.1508,567.7205,0,300,700,217,95.299996,95.299996,source_111
111,498.2645,366.1508,567.7205,0,500,500,100,91.1,91.1,source_111
112,570.0976,388.9682,563.3571,0,500,500,900,60.5,60.5,source_112
112,570.0976,388.9682,563.3571,0,783,500,783,49.1,49.1,source_112
112,570.0976,388.9682,563.3571,0,500,783,783,82.099997,82.099997,source_112
112,570.0976,388.9682,563.3571,0,217,500,783,76.700002,76.700002,source_112
112,570.0976,388.9682,563.3571,0,500,217,783,41.6,41.6,source_112
112,570.0976,388.9682,563.3571,0,900,500,500,58.1,58.1,source_112
112,570.0976,388.9682,563.3571,0,700,846,500,100.400001,100.400001,source_112
112,570.0976,388.9682,563.3571,0,300,846,500,109.700002,109.700002,source_112
112,570.0976,388.9682,563.3571,0,100,500,500,101.899996,101.899996,source_112
112,570.0976,388.9682,563.3571,0,300,154,500,61.700001,61.700001,source_112
112,570.0976,388.9682,563.3571,0,700,154,500,38.899999,38.899999,source_112
112,570.0976,388.9682,563.3571,0,700,700,217,85.699998,85.699998,source_112
112,570.0976,388.9682,563.3571,0,300,300,217,80.899999,80.899999,source_112
112,570.0976,388.9682,563.3571,0,500,500,100,86.300001,86.300001,source_112
113,518.384,540.7096,535.8237,0,500,500,900,59.599999,59.599999,source_113
113,518.384,540.7096,535.8237,0,783,500,783,58.400001,58.400001,source_113
113,518.384,540.7096,535.8237,0,500,783,783,52.700002,52.700002,source_113
113,518.384,540.7096,535.8237,0,217,500,783,65.6,65.6,source_113
113,518.384,540.7096,535.8237,0,500,217,783,68.300001,68.300001,source_113
113,518.384,540.7096,535.8237,0,900,500,500,66.500001,66.500001,source_113
113,518.384,540.7096,535.8237,0,700,846,500,70.699997,70.699997,source_113
113,518.384,540.7096,535.8237,0,300,846,500,75.499997,75.499997,source_113
113,518.384,540.7096,535.8237,0,100,500,500,85.699998,85.699998,source_113
113,518.384,540.7096,535.8237,0,300,154,500,90.499997,90.499997,source_113
113,518.384,540.7096,535.8237,0,700,154,500,85.699998,85.699998,source_113
113,518.384,540.7096,535.8237,0,300,700,217,68.300001,68.300001,source_113
113,518.384,540.7096,535.8237,0,300,300,217,77.600002,77.600002,source_113
113,518.384,540.7096,535.8237,0,700,300,217,75.499997,75.499997,source_113
113,518.384,540.7096,535.8237,0,500,500,100,75.499997,75.499997,source_113
114,559.6514,556.3048,420.6015,0,500,500,900,86.000003,86.000003,source_114
114,559.6514,556.3048,420.6015,0,783,500,783,75.199999,75.199999,source_114
114,559.6514,556.3048,420.6015,0,500,783,783,76.099999,76.099999,source_114
114,559.6514,556.3048,420.6015,0,900,500,500,58.1,58.1,source_114
114,559.6514,556.3048,420.6015,0,700,846,500,53.300001,53.300001,source_114
114,559.6514,556.3048,420.6015,0,300,846,500,68.899997,68.899997,source_114
114,559.6514,556.3048,420.6015,0,100,500,500,85.699998,85.699998,source_114
114,559.6514,556.3048,420.6015,0,300,154,500,99.799998,99.799998,source_114
114,559.6514,556.3048,420.6015,0,700,154,500,85.699998,85.699998,source_114
114,559.6514,556.3048,420.6015,0,700,700,217,41.6,41.6,source_114
114,559.6514,556.3048,420.6015,0,300,700,217,58.400001,58.400001,source_114
114,559.6514,556.3048,420.6015,0,300,300,217,72.499998,72.499998,source_114
114,559.6514,556.3048,420.6015,0,700,300,217,57.500001,57.500001,source_114
114,559.6514,556.3048,420.6015,0,500,500,100,52.700002,52.700002,source_114
115,547.4602,600.7438,565.2074,0,500,500,900,57.2,57.2,source_115
115,547.4602,600.7438,565.2074,0,783,500,783,52.700002,52.700002,source_115
115,547.4602,600.7438,565.2074,0,500,783,783,41.299999,41.299999,source_115
115,547.4602,600.7438,565.2074,0,217,500,783,70.100002,70.100002,source_115
115,547.4602,600.7438,565.2074,0,500,217,783,78.8,78.8,source_115
115,547.4602,600.7438,565.2074,0,900,500,500,62.899999,62.899999,source_115
115,547.4602,600.7438,565.2074,0,700,846,500,43.699998,43.699998,source_115
115,547.4602,600.7438,565.2074,0,300,846,500,58.400001,58.400001,source_115
115,547.4602,600.7438,565.2074,0,100,500,500,94.400004,94.400004,source_115
115,547.4602,600.7438,565.2074,0,700,154,500,85.699998,85.699998,source_115
115,547.4602,600.7438,565.2074,0,700,700,217,67.100003,67.100003,source_115
115,547.4602,600.7438,565.2074,0,300,700,217,77.600002,77.600002,source_115
115,547.4602,600.7438,565.2074,0,300,300,217,95.299996,95.299996,source_115
115,547.4602,600.7438,565.2074,0,700,300,217,85.699998,85.699998,source_115
115,547.4602,600.7438,565.2074,0,500,500,100,86.000003,86.000003,source_115
116,534.2778,663.9286,656.1064,0,500,500,900,42.800002,42.800002,source_116
116,534.2778,663.9286,656.1064,0,783,500,783,50.299998,50.299998,source_116
116,534.2778,663.9286,656.1064,0,217,500,783,66.500001,66.500001,source_116
116,534.2778,663.9286,656.1064,0,500,217,783,86.900003,86.900003,source_116
116,534.2778,663.9286,656.1064,0,900,500,500,77.299997,77.299997,source_116
116,534.2778,663.9286,656.1064,0,700,846,500,42.800002,42.800002,source_116
116,534.2778,663.9286,656.1064,0,300,846,500,52.700002,52.700002,source_116
116,534.2778,663.9286,656.1064,0,100,500,500,91.700003,91.700003,source_116
116,534.2778,663.9286,656.1064,0,300,154,500,114.500001,114.500001,source_116
116,534.2778,663.9286,656.1064,0,700,700,217,86.900003,86.900003,source_116
116,534.2778,663.9286,656.1064,0,300,700,217,95.299996,95.299996,source_116
116,534.2778,663.9286,656.1064,0,700,300,217,114.500001,114.500001,source_116
116,534.2778,663.9286,656.1064,0,500,500,100,112.099998,112.099998,source_116
117,643.9042,515.6764,616.4525,0,500,500,900,48.799999,48.799999,source_117
117,643.9042,515.6764,616.4525,0,500,783,783,57.500001,57.500001,source_117
117,643.9042,515.6764,616.4525,0,217,500,783,85.699998,85.699998,source_117
117,643.9042,515.6764,616.4525,0,500,217,783,61.999999,61.999999,source_117
117,643.9042,515.6764,616.4525,0,900,500,500,41.299999,41.299999,source_117
117,643.9042,515.6764,616.4525,0,700,846,500,57.500001,57.500001,source_117
117,643.9042,515.6764,616.4525,0,300,846,500,90.499997,90.499997,source_117
117,643.9042,515.6764,616.4525,0,100,500,500,107.299998,107.299998,source_117
117,643.9042,515.6764,616.4525,0,300,154,500,97.7,97.7,source_117
117,643.9042,515.6764,616.4525,0,700,154,500,66.500001,66.500001,source_117
117,643.9042,515.6764,616.4525,0,700,700,217,80.899999,80.899999,source_117
117,643.9042,515.6764,616.4525,0,700,300,217,86.000003,86.000003,source_117
117,643.9042,515.6764,616.4525,0,500,500,100,101.300001,101.300001,source_117
118,427.23,457.0124,557.394,0,500,500,900,57.2,57.2,source_118
118,427.23,457.0124,557.394,0,783,500,783,72.499998,72.499998,source_118
118,427.23,457.0124,557.394,0,500,783,783,67.100003,67.100003,source_118
118,427.23,457.0124,557.394,0,217,500,783,44.300001,44.300001,source_118
118,427.23,457.0124,557.394,0,500,217,783,50.900001,50.900001,source_118
118,427.23,457.0124,557.394,0,900,500,500,98.300003,98.300003,source_118
118,427.23,457.0124,557.394,0,300,846,500,71.3,71.3,source_118
118,427.23,457.0124,557.394,0,100,500,500,53.300001,53.300001,source_118
118,427.23,457.0124,557.394,0,300,154,500,52.4,52.4,source_118
118,427.23,457.0124,557.394,0,700,154,500,71.3,71.3,source_118
118,427.23,457.0124,557.394,0,700,700,217,85.699998,85.699998,source_118
118,427.23,457.0124,557.394,0,300,700,217,76.099999,76.099999,source_118
118,427.23,457.0124,557.394,0,300,300,217,65.899998,65.899998,source_118
118,427.23,457.0124,557.394,0,700,300,217,80.899999,80.899999,source_118
118,427.23,457.0124,557.394,0,500,500,100,81.200004,81.200004,source_118
119,514.3952,541.1221,450.289,0,500,500,900,77.9,77.9,source_119
119,514.3952,541.1221,450.289,0,783,500,783,72.800003,72.800003,source_119
119,514.3952,541.1221,450.289,0,500,783,783,68.300001,68.300001,source_119
119,514.3952,541.1221,450.289,0,217,500,783,77.9,77.9,source_119
119,514.3952,541.1221,450.289,0,500,217,783,80.899999,80.899999,source_119
119,514.3952,541.1221,450.289,0,900,500,500,66.500001,66.500001,source_119
119,514.3952,541.1221,450.289,0,700,846,500,59.300002,59.300002,source_119
119,514.3952,541.1221,450.289,0,300,846,500,62.899999,62.899999,source_119
119,514.3952,541.1221,450.289,0,100,500,500,85.100003,85.100003,source_119
119,514.3952,541.1221,450.289,0,300,154,500,86.900003,86.900003,source_119
119,514.3952,541.1221,450.289,0,700,154,500,85.699998,85.699998,source_119
119,514.3952,541.1221,450.289,0,700,700,217,51.5,51.5,source_119
119,514.3952,541.1221,450.289,0,300,700,217,57.500001,57.500001,source_119
119,514.3952,541.1221,450.289,0,300,300,217,67.100003,67.100003,source_119
119,514.3952,541.1221,450.289,0,700,300,217,62.3,62.3,source_119
119,514.3952,541.1221,450.289,0,500,500,100,57.500001,57.500001,source_119
120,634.3604,423.463,645.3991,0,500,500,900,44,44,source_120
120,634.3604,423.463,645.3991,0,783,500,783,22.700001,22.700001,source_120
120,634.3604,423.463,645.3991,0,500,783,783,72.499998,72.499998,source_120
120,634.3604,423.463,645.3991,0,217,500,783,82.099997,82.099997,source_120
120,634.3604,423.463,645.3991,0,500,217,783,40.399998,40.399998,source_120
120,634.3604,423.463,645.3991,0,900,500,500,47.600001,47.600001,source_120
120,634.3604,423.463,645.3991,0,700,846,500,81.200004,81.200004,source_120
120,634.3604,423.463,645.3991,0,300,846,500,108.499996,108.499996,source_120
120,634.3604,423.463,645.3991,0,100,500,500,108.499996,108.499996,source_120
120,634.3604,423.463,645.3991,0,300,154,500,82.699999,82.699999,source_120
120,634.3604,423.463,645.3991,0,700,154,500,47.899999,47.899999,source_120
120,634.3604,423.463,645.3991,0,700,700,217,96.799999,96.799999,source_120
120,634.3604,423.463,645.3991,0,300,300,217,104.3,104.3,source_120
120,634.3604,423.463,645.3991,0,700,300,217,80.899999,80.899999,source_120
120,634.3604,423.463,645.3991,0,500,500,100,107.299998,107.299998,source_120
121,479.5274,585.7821,520.0125,0,500,500,900,65.6,65.6,source_121
121,479.5274,585.7821,520.0125,0,783,500,783,70.699997,70.699997,source_121
121,479.5274,585.7821,520.0125,0,500,783,783,50.299998,50.299998,source_121
121,479.5274,585.7821,520.0125,0,217,500,783,61.999999,61.999999,source_121
121,479.5274,585.7821,520.0125,0,500,217,783,79.999998,79.999998,source_121
121,479.5274,585.7821,520.0125,0,900,500,500,85.699998,85.699998,source_121
121,479.5274,585.7821,520.0125,0,700,846,500,66.500001,66.500001,source_121
121,479.5274,585.7821,520.0125,0,300,846,500,61.700001,61.700001,source_121
121,479.5274,585.7821,520.0125,0,300,154,500,95.299996,95.299996,source_121
121,479.5274,585.7821,520.0125,0,700,154,500,100.100003,100.100003,source_121
121,479.5274,585.7821,520.0125,0,700,700,217,66.500001,66.500001,source_121
121,479.5274,585.7821,520.0125,0,300,700,217,61.099999,61.099999,source_121
121,479.5274,585.7821,520.0125,0,300,300,217,77.299997,77.299997,source_121
121,479.5274,585.7821,520.0125,0,700,300,217,82.099997,82.099997,source_121
121,479.5274,585.7821,520.0125,0,500,500,100,73.100001,73.100001,source_121
122,520.5344,494.5787,506.6681,0,500,500,900,67.100003,67.100003,source_122
122,520.5344,494.5787,506.6681,0,783,500,783,61.999999,61.999999,source_122
122,520.5344,494.5787,506.6681,0,500,783,783,67.100003,67.100003,source_122
122,520.5344,494.5787,506.6681,0,217,500,783,68.899997,68.899997,source_122
122,520.5344,494.5787,506.6681,0,500,217,783,63.500002,63.500002,source_122
122,520.5344,494.5787,506.6681,0,900,500,500,76.099999,76.099999,source_122
122,520.5344,494.5787,506.6681,0,700,846,500,77.9,77.9,source_122
122,520.5344,494.5787,506.6681,0,300,846,500,83.300002,83.300002,source_122
122,520.5344,494.5787,506.6681,0,100,500,500,85.699998,85.699998,source_122
122,520.5344,494.5787,506.6681,0,300,154,500,80.899999,80.899999,source_122
122,520.5344,494.5787,506.6681,0,700,154,500,76.099999,76.099999,source_122
122,520.5344,494.5787,506.6681,0,700,700,217,65.6,65.6,source_122
122,520.5344,494.5787,506.6681,0,300,700,217,70.699997,70.699997,source_122
122,520.5344,494.5787,506.6681,0,300,300,217,68.300001,68.300001,source_122
122,520.5344,494.5787,506.6681,0,700,300,217,62.899999,62.899999,source_122
122,520.5344,494.5787,506.6681,0,500,500,100,67.699999,67.699999,source_122
123,480.8994,359.05,372.2376,0,500,500,900,104.000002,104.000002,source_123
123,480.8994,359.05,372.2376,0,783,500,783,100.400001,100.400001,source_123
123,480.8994,359.05,372.2376,0,217,500,783,96.500002,96.500002,source_123
123,480.8994,359.05,372.2376,0,500,217,783,78.8,78.8,source_123
123,480.8994,359.05,372.2376,0,900,500,500,86.300001,86.300001,source_123
123,480.8994,359.05,372.2376,0,700,846,500,117.200002,117.200002,source_123
123,480.8994,359.05,372.2376,0,300,846,500,115.400001,115.400001,source_123
123,480.8994,359.05,372.2376,0,100,500,500,77.299997,77.299997,source_123
123,480.8994,359.05,372.2376,0,300,154,500,45.200001,45.200001,source_123
123,480.8994,359.05,372.2376,0,700,154,500,52.4,52.4,source_123
123,480.8994,359.05,372.2376,0,700,700,217,79.700001,79.700001,source_123
123,480.8994,359.05,372.2376,0,300,700,217,73.700003,73.700003,source_123
123,480.8994,359.05,372.2376,0,300,300,217,33.500001,33.500001,source_123
123,480.8994,359.05,372.2376,0,700,300,217,39.2,39.2,source_123
123,480.8994,359.05,372.2376,0,500,500,100,47.600001,47.600001,source_123
124,614.225,411.2787,421.6346,0,500,500,900,91.700003,91.700003,source_124
124,614.225,411.2787,421.6346,0,783,500,783,72.499998,72.499998,source_124
124,614.225,411.2787,421.6346,0,500,217,783,76.099999,76.099999,source_124
124,614.225,411.2787,421.6346,0,900,500,500,47.3,47.3,source_124
124,614.225,411.2787,421.6346,0,300,846,500,111.199997,111.199997,source_124
124,614.225,411.2787,421.6346,0,100,500,500,110.600002,110.600002,source_124
124,614.225,411.2787,421.6346,0,300,154,500,75.199999,75.199999,source_124
124,614.225,411.2787,421.6346,0,700,154,500,41.299999,41.299999,source_124
124,614.225,411.2787,421.6346,0,700,700,217,61.099999,61.099999,source_124
124,614.225,411.2787,421.6346,0,300,700,217,86.000003,86.000003,source_124
124,614.225,411.2787,421.6346,0,300,300,217,66.799998,66.799998,source_124
124,614.225,411.2787,421.6346,0,700,300,217,33.500001,33.500001,source_124
124,614.225,411.2787,421.6346,0,500,500,100,58.400001,58.400001,source_124
125,525,565.9833,364.5149,0,500,500,900,100.400001,100.400001,source_125
125,525,565.9833,364.5149,0,783,500,783,90.499997,90.499997,source_125
125,525,565.9833,364.5149,0,500,783,783,86.300001,86.300001,source_125
125,525,565.9833,364.5149,0,217,500,783,97.099997,97.099997,source_125
125,525,565.9833,364.5149,0,500,217,783,100.100003,100.100003,source_125
125,525,565.9833,364.5149,0,900,500,500,71.900003,71.900003,source_125
125,525,565.9833,364.5149,0,700,846,500,58.400001,58.400001,source_125
125,525,565.9833,364.5149,0,300,846,500,67.100003,67.100003,source_125
125,525,565.9833,364.5149,0,100,500,500,82.099997,82.099997,source_125
125,525,565.9833,364.5149,0,300,154,500,104.3,104.3,source_125
125,525,565.9833,364.5149,0,700,700,217,35.9,35.9,source_125
125,525,565.9833,364.5149,0,300,700,217,43.699998,43.699998,source_125
125,525,565.9833,364.5149,0,300,300,217,63.500002,63.500002,source_125
125,525,565.9833,364.5149,0,700,300,217,58.699999,58.699999,source_125
125,525,565.9833,364.5149,0,500,500,100,37.999999,37.999999,source_125
126,562.3291,489.7926,490.301,0,500,500,900,70.4,70.4,source_126
126,562.3291,489.7926,490.301,0,783,500,783,59.599999,59.599999,source_126
126,562.3291,489.7926,490.301,0,500,783,783,71.3,71.3,source_126
126,562.3291,489.7926,490.301,0,217,500,783,78.8,78.8,source_126
126,562.3291,489.7926,490.301,0,500,217,783,67.699999,67.699999,source_126
126,562.3291,489.7926,490.301,0,900,500,500,241.099998,241.099998,source_126
126,562.3291,489.7926,490.301,0,700,846,500,75.199999,75.199999,source_126
126,562.3291,489.7926,490.301,0,300,846,500,90.499997,90.499997,source_126
126,562.3291,489.7926,490.301,0,100,500,500,93.199998,93.199998,source_126
126,562.3291,489.7926,490.301,0,300,154,500,85.699998,85.699998,source_126
126,562.3291,489.7926,490.301,0,700,154,500,71.3,71.3,source_126
126,562.3291,489.7926,490.301,0,700,700,217,59.900001,59.900001,source_126
126,562.3291,489.7926,490.301,0,300,700,217,73.100001,73.100001,source_126
126,562.3291,489.7926,490.301,0,300,300,217,71.599998,71.599998,source_126
126,562.3291,489.7926,490.301,0,700,300,217,57.500001,57.500001,source_126
126,562.3291,489.7926,490.301,0,500,500,100,65.899998,65.899998,source_126
127,391.6866,481.7229,438.6076,0,500,500,900,85.699998,85.699998,source_127
127,391.6866,481.7229,438.6076,0,783,500,783,95.299996,95.299996,source_127
127,391.6866,481.7229,438.6076,0,500,783,783,83.300002,83.300002,source_127
127,391.6866,481.7229,438.6076,0,217,500,783,67.100003,67.100003,source_127
127,391.6866,481.7229,438.6076,0,500,217,783,78.8,78.8,source_127
127,391.6866,481.7229,438.6076,0,900,500,500,104.900002,104.900002,source_127
127,391.6866,481.7229,438.6076,0,700,846,500,98.899998,98.899998,source_127
127,391.6866,481.7229,438.6076,0,300,846,500,66.500001,66.500001,source_127
127,391.6866,481.7229,438.6076,0,100,500,500,47.3,47.3,source_127
127,391.6866,481.7229,438.6076,0,300,154,500,58.1,58.1,source_127
127,391.6866,481.7229,438.6076,0,700,154,500,90.499997,90.499997,source_127
127,391.6866,481.7229,438.6076,0,700,700,217,77.299997,77.299997,source_127
127,391.6866,481.7229,438.6076,0,300,700,217,48.799999,48.799999,source_127
127,391.6866,481.7229,438.6076,0,300,300,217,44.300001,44.300001,source_127
127,391.6866,481.7229,438.6076,0,700,300,217,72.499998,72.499998,source_127
127,391.6866,481.7229,438.6076,0,500,500,100,58.400001,58.400001,source_127
128,417.9998,548.194,528.6994,0,500,500,900,63.199997,63.199997,source_128
128,417.9998,548.194,528.6994,0,783,500,783,78.500003,78.500003,source_128
128,417.9998,548.194,528.6994,0,500,783,783,57.500001,57.500001,source_128
128,417.9998,548.194,528.6994,0,217,500,783,49.1,49.1,source_128
128,417.9998,548.194,528.6994,0,500,217,783,72.499998,72.499998,source_128
128,417.9998,548.194,528.6994,0,900,500,500,100.100003,100.100003,source_128
128,417.9998,548.194,528.6994,0,700,846,500,85.100003,85.100003,source_128
128,417.9998,548.194,528.6994,0,300,846,500,61.700001,61.700001,source_128
128,417.9998,548.194,528.6994,0,300,154,500,84.5,84.5,source_128
128,417.9998,548.194,528.6994,0,700,154,500,100.100003,100.100003,source_128
128,417.9998,548.194,528.6994,0,700,700,217,77.600002,77.600002,source_128
128,417.9998,548.194,528.6994,0,300,700,217,58.400001,58.400001,source_128
128,417.9998,548.194,528.6994,0,300,300,217,71.3,71.3,source_128
128,417.9998,548.194,528.6994,0,700,300,217,85.699998,85.699998,source_128
128,417.9998,548.194,528.6994,0,500,500,100,76.700002,76.700002,source_128
129,425.0752,620.0269,411.7927,0,500,500,900,94.099998,94.099998,source_129
129,425.0752,620.0269,411.7927,0,500,783,783,73.100001,73.100001,source_129
129,425.0752,620.0269,411.7927,0,217,500,783,79.999998,79.999998,source_129
129,425.0752,620.0269,411.7927,0,500,217,783,100.400001,100.400001,source_129
129,425.0752,620.0269,411.7927,0,900,500,500,104.900002,104.900002,source_129
129,425.0752,620.0269,411.7927,0,700,846,500,62.899999,62.899999,source_129
129,425.0752,620.0269,411.7927,0,300,846,500,39.2,39.2,source_129
129,425.0752,620.0269,411.7927,0,100,500,500,60.800001,60.800001,source_129
129,425.0752,620.0269,411.7927,0,700,154,500,114.500001,114.500001,source_129
129,425.0752,620.0269,411.7927,0,700,700,217,56.299999,56.299999,source_129
129,425.0752,620.0269,411.7927,0,300,700,217,29.6,29.6,source_129
129,425.0752,620.0269,411.7927,0,300,300,217,67.699999,67.699999,source_129
129,425.0752,620.0269,411.7927,0,700,300,217,85.699998,85.699998,source_129
129,425.0752,620.0269,411.7927,0,500,500,100,56.000002,56.000002,source_129
130,643.8126,558.4752,616.8902,0,500,500,900,51.199999,51.199999,source_130
130,643.8126,558.4752,616.8902,0,783,500,783,23.3,23.3,source_130
130,643.8126,558.4752,616.8902,0,500,783,783,47.600001,47.600001,source_130
130,643.8126,558.4752,616.8902,0,217,500,783,86.900003,86.900003,source_130
130,643.8126,558.4752,616.8902,0,500,217,783,72.499998,72.499998,source_130
130,643.8126,558.4752,616.8902,0,900,500,500,42.800002,42.800002,source_130
130,643.8126,558.4752,616.8902,0,700,846,500,47.899999,47.899999,source_130
130,643.8126,558.4752,616.8902,0,300,846,500,85.699998,85.699998,source_130
130,643.8126,558.4752,616.8902,0,100,500,500,107.299998,107.299998,source_130
130,643.8126,558.4752,616.8902,0,300,154,500,104.900002,104.900002,source_130
130,643.8126,558.4752,616.8902,0,700,154,500,76.099999,76.099999,source_130
130,643.8126,558.4752,616.8902,0,700,700,217,76.099999,76.099999,source_130
130,643.8126,558.4752,616.8902,0,300,700,217,102.499999,102.499999,source_130
130,643.8126,558.4752,616.8902,0,700,300,217,90.499997,90.499997,source_130
130,643.8126,558.4752,616.8902,0,500,500,100,101.599999,101.599999,source_130
131,615.1588,648.5199,444.2495,0,500,500,900,92.299998,92.299998,source_131
131,615.1588,648.5199,444.2495,0,783,500,783,71.900003,71.900003,source_131
131,615.1588,648.5199,444.2495,0,500,783,783,66.500001,66.500001,source_131
131,615.1588,648.5199,444.2495,0,217,500,783,104.900002,104.900002,source_131
131,615.1588,648.5199,444.2495,0,500,217,783,104.900002,104.900002,source_131
131,615.1588,648.5199,444.2495,0,900,500,500,52.099999,52.099999,source_131
131,615.1588,648.5199,444.2495,0,700,846,500,25.1,25.1,source_131
131,615.1588,648.5199,444.2495,0,300,846,500,66.500001,66.500001,source_131
131,615.1588,648.5199,444.2495,0,100,500,500,114.500001,114.500001,source_131
131,615.1588,648.5199,444.2495,0,300,154,500,120.499998,120.499998,source_131
131,615.1588,648.5199,444.2495,0,700,154,500,104.900002,104.900002,source_131
131,615.1588,648.5199,444.2495,0,700,700,217,29.300001,29.300001,source_131
131,615.1588,648.5199,444.2495,0,300,700,217,67.100003,67.100003,source_131
131,615.1588,648.5199,444.2495,0,300,300,217,98.899998,98.899998,source_131
131,615.1588,648.5199,444.2495,0,700,300,217,76.700002,76.700002,source_131
131,615.1588,648.5199,444.2495,0,500,500,100,67.100003,67.100003,source_131
132,539.7421,449.6247,628.6205,0,500,500,900,39.2,39.2,source_132
132,539.7421,449.6247,628.6205,0,783,500,783,42.800002,42.800002,source_132
132,539.7421,449.6247,628.6205,0,500,783,783,61.999999,61.999999,source_132
132,539.7421,449.6247,628.6205,0,217,500,783,60.800001,60.800001,source_132
132,539.7421,449.6247,628.6205,0,500,217,783,40.399998,40.399998,source_132
132,539.7421,449.6247,628.6205,0,900,500,500,66.799998,66.799998,source_132
132,539.7421,449.6247,628.6205,0,700,846,500,80.899999,80.899999,source_132
132,539.7421,449.6247,628.6205,0,300,846,500,88.100001,88.100001,source_132
132,539.7421,449.6247,628.6205,0,100,500,500,85.100003,85.100003,source_132
132,539.7421,449.6247,628.6205,0,300,154,500,70.4,70.4,source_132
132,539.7421,449.6247,628.6205,0,700,154,500,58.1,58.1,source_132
132,539.7421,449.6247,628.6205,0,700,700,217,90.499997,90.499997,source_132
132,539.7421,449.6247,628.6205,0,300,700,217,95.600002,95.600002,source_132
132,539.7421,449.6247,628.6205,0,300,300,217,90.499997,90.499997,source_132
132,539.7421,449.6247,628.6205,0,700,300,217,80.899999,80.899999,source_132
132,539.7421,449.6247,628.6205,0,500,500,100,96.799999,96.799999,source_132
133,597.7171,407.9343,546.0537,0,500,500,900,63.199997,63.199997,source_133
133,597.7171,407.9343,546.0537,0,783,500,783,46.399999,46.399999,source_133
133,597.7171,407.9343,546.0537,0,500,783,783,80.899999,80.899999,source_133
133,597.7171,407.9343,546.0537,0,217,500,783,82.099997,82.099997,source_133
133,597.7171,407.9343,546.0537,0,500,217,783,47.899999,47.899999,source_133
133,597.7171,407.9343,546.0537,0,900,500,500,52.099999,52.099999,source_133
133,597.7171,407.9343,546.0537,0,700,846,500,94.700001,94.700001,source_133
133,597.7171,407.9343,546.0537,0,300,846,500,109.700002,109.700002,source_133
133,597.7171,407.9343,546.0537,0,100,500,500,104.900002,104.900002,source_133
133,597.7171,407.9343,546.0537,0,300,154,500,80.899999,80.899999,source_133
133,597.7171,407.9343,546.0537,0,700,154,500,38.899999,38.899999,source_133
133,597.7171,407.9343,546.0537,0,700,700,217,80.899999,80.899999,source_133
133,597.7171,407.9343,546.0537,0,300,700,217,95.600002,95.600002,source_133
133,597.7171,407.9343,546.0537,0,300,300,217,80.899999,80.899999,source_133
133,597.7171,407.9343,546.0537,0,700,300,217,57.2,57.2,source_133
133,597.7171,407.9343,546.0537,0,500,500,100,81.200004,81.200004,source_133
134,448.4364,318.2838,405.7266,0,500,500,900,101.300001,101.300001,source_134
134,448.4364,318.2838,405.7266,0,783,500,783,101.599999,101.599999,source_134
134,448.4364,318.2838,405.7266,0,217,500,783,88.100001,88.100001,source_134
134,448.4364,318.2838,405.7266,0,500,217,783,67.699999,67.699999,source_134
134,448.4364,318.2838,405.7266,0,900,500,500,104.900002,104.900002,source_134
134,448.4364,318.2838,405.7266,0,700,846,500,123.199999,123.199999,source_134
134,448.4364,318.2838,405.7266,0,300,846,500,221.599996,221.599996,source_134
134,448.4364,318.2838,405.7266,0,100,500,500,71.599998,71.599998,source_134
134,448.4364,318.2838,405.7266,0,300,154,500,29.6,29.6,source_134
134,448.4364,318.2838,405.7266,0,700,154,500,48.500001,48.500001,source_134
134,448.4364,318.2838,405.7266,0,700,700,217,94.700001,94.700001,source_134
134,448.4364,318.2838,405.7266,0,300,700,217,82.099997,82.099997,source_134
134,448.4364,318.2838,405.7266,0,300,300,217,28.4,28.4,source_134
134,448.4364,318.2838,405.7266,0,700,300,217,47.899999,47.899999,source_134
134,448.4364,318.2838,405.7266,0,500,500,100,59.900001,59.900001,source_134
135,484.4351,518.0626,495.8251,0,500,500,900,67.699999,67.699999,source_135
135,484.4351,518.0626,495.8251,0,783,500,783,68.899997,68.899997,source_135
135,484.4351,518.0626,495.8251,0,500,783,783,63.199997,63.199997,source_135
135,484.4351,518.0626,495.8251,0,217,500,783,64.400002,64.400002,source_135
135,484.4351,518.0626,495.8251,0,500,217,783,71.3,71.3,source_135
135,484.4351,518.0626,495.8251,0,900,500,500,83.6,83.6,source_135
135,484.4351,518.0626,495.8251,0,700,846,500,76.099999,76.099999,source_135
135,484.4351,518.0626,495.8251,0,300,846,500,73.700003,73.700003,source_135
135,484.4351,518.0626,495.8251,0,100,500,500,76.099999,76.099999,source_135
135,484.4351,518.0626,495.8251,0,300,154,500,80.899999,80.899999,source_135
135,484.4351,518.0626,495.8251,0,700,154,500,84.799998,84.799998,source_135
135,484.4351,518.0626,495.8251,0,700,700,217,66.500001,66.500001,source_135
135,484.4351,518.0626,495.8251,0,300,700,217,61.700001,61.700001,source_135
135,484.4351,518.0626,495.8251,0,300,300,217,66.500001,66.500001,source_135
135,484.4351,518.0626,495.8251,0,700,300,217,70.4,70.4,source_135
135,484.4351,518.0626,495.8251,0,500,500,100,65.899998,65.899998,source_135
136,617.9771,426.2749,523.5631,0,500,500,900,68.300001,68.300001,source_136
136,617.9771,426.2749,523.5631,0,783,500,783,50.900001,50.900001,source_136
136,617.9771,426.2749,523.5631,0,500,783,783,82.099997,82.099997,source_136
136,617.9771,426.2749,523.5631,0,217,500,783,86.900003,86.900003,source_136
136,617.9771,426.2749,523.5631,0,500,217,783,57.500001,57.500001,source_136
136,617.9771,426.2749,523.5631,0,700,846,500,90.499997,90.499997,source_136
136,617.9771,426.2749,523.5631,0,300,846,500,109.700002,109.700002,source_136
136,617.9771,426.2749,523.5631,0,100,500,500,107.299998,107.299998,source_136
136,617.9771,426.2749,523.5631,0,300,154,500,85.699998,85.699998,source_136
136,617.9771,426.2749,523.5631,0,700,154,500,53.9,53.9,source_136
136,617.9771,426.2749,523.5631,0,700,700,217,73.700003,73.700003,source_136
136,617.9771,426.2749,523.5631,0,300,700,217,95.299996,95.299996,source_136
136,617.9771,426.2749,523.5631,0,300,300,217,81.200004,81.200004,source_136
136,617.9771,426.2749,523.5631,0,700,300,217,54.499999,54.499999,source_136
136,617.9771,426.2749,523.5631,0,500,500,100,80.300003,80.300003,source_136
137,317.8267,475.6014,509.8337,0,500,500,900,77.600002,77.600002,source_137
137,317.8267,475.6014,509.8337,0,783,500,783,101.300001,101.300001,source_137
137,317.8267,475.6014,509.8337,0,500,783,783,82.099997,82.099997,source_137
137,317.8267,475.6014,509.8337,0,217,500,783,41.900001,41.900001,source_137
137,317.8267,475.6014,509.8337,0,500,217,783,75.499997,75.499997,source_137
137,317.8267,475.6014,509.8337,0,900,500,500,124.1,124.1,source_137
137,317.8267,475.6014,509.8337,0,700,846,500,265.700012,265.700012,source_137
137,317.8267,475.6014,509.8337,0,300,846,500,76.099999,76.099999,source_137
137,317.8267,475.6014,509.8337,0,300,154,500,65.300003,65.300003,source_137
137,317.8267,475.6014,509.8337,0,700,154,500,258.50001,258.50001,source_137
137,317.8267,475.6014,509.8337,0,700,700,217,99.5,99.5,source_137
137,317.8267,475.6014,509.8337,0,300,700,217,61.099999,61.099999,source_137
137,317.8267,475.6014,509.8337,0,300,300,217,53.9,53.9,source_137
137,317.8267,475.6014,509.8337,0,700,300,217,94.700001,94.700001,source_137
137,317.8267,475.6014,509.8337,0,500,500,100,82.400002,82.400002,source_137
138,542.6105,502.3219,626.1958,0,500,500,900,37.999999,37.999999,source_138
138,542.6105,502.3219,626.1958,0,783,500,783,41.6,41.6,source_138
138,542.6105,502.3219,626.1958,0,500,783,783,49.1,49.1,source_138
138,542.6105,502.3219,626.1958,0,217,500,783,61.999999,61.999999,source_138
138,542.6105,502.3219,626.1958,0,500,217,783,52.700002,52.700002,source_138
138,542.6105,502.3219,626.1958,0,900,500,500,65.300003,65.300003,source_138
138,542.6105,502.3219,626.1958,0,700,846,500,67.699999,67.699999,source_138
138,542.6105,502.3219,626.1958,0,300,846,500,79.700001,79.700001,source_138
138,542.6105,502.3219,626.1958,0,100,500,500,84.5,84.5,source_138
138,542.6105,502.3219,626.1958,0,300,154,500,80.300003,80.300003,source_138
138,542.6105,502.3219,626.1958,0,700,154,500,67.699999,67.699999,source_138
138,542.6105,502.3219,626.1958,0,700,700,217,85.699998,85.699998,source_138
138,542.6105,502.3219,626.1958,0,700,300,217,85.699998,85.699998,source_138
138,542.6105,502.3219,626.1958,0,500,500,100,95.899999,95.899999,source_138
139,388.2529,568.3413,575.6631,0,500,500,900,57.2,57.2,source_139
139,388.2529,568.3413,575.6631,0,783,500,783,81.200004,81.200004,source_139
139,388.2529,568.3413,575.6631,0,500,783,783,47.899999,47.899999,source_139
139,388.2529,568.3413,575.6631,0,217,500,783,37.999999,37.999999,source_139
139,388.2529,568.3413,575.6631,0,500,217,783,75.499997,75.499997,source_139
139,388.2529,568.3413,575.6631,0,900,500,500,108.199999,108.199999,source_139
139,388.2529,568.3413,575.6631,0,700,846,500,76.099999,76.099999,source_139
139,388.2529,568.3413,575.6631,0,300,846,500,44.300001,44.300001,source_139
139,388.2529,568.3413,575.6631,0,100,500,500,47.3,47.3,source_139
139,388.2529,568.3413,575.6631,0,300,154,500,77.600002,77.600002,source_139
139,388.2529,568.3413,575.6631,0,700,154,500,109.099999,109.099999,source_139
139,388.2529,568.3413,575.6631,0,700,700,217,90.499997,90.499997,source_139
139,388.2529,568.3413,575.6631,0,300,700,217,66.500001,66.500001,source_139
139,388.2529,568.3413,575.6631,0,300,300,217,80.899999,80.899999,source_139
139,388.2529,568.3413,575.6631,0,500,500,100,89.599997,89.599997,source_139
140,573.8219,426.7635,502.5636,0,500,500,900,70.100002,70.100002,source_140
140,573.8219,426.7635,502.5636,0,783,500,783,57.500001,57.500001,source_140
140,573.8219,426.7635,502.5636,0,500,783,783,81.200004,81.200004,source_140
140,573.8219,426.7635,502.5636,0,217,500,783,81.200004,81.200004,source_140
140,573.8219,426.7635,502.5636,0,500,217,783,57.500001,57.500001,source_140
140,573.8219,426.7635,502.5636,0,900,500,500,243.499994,243.499994,source_140
140,573.8219,426.7635,502.5636,0,700,846,500,90.499997,90.499997,source_140
140,573.8219,426.7635,502.5636,0,300,846,500,102.499999,102.499999,source_140
140,573.8219,426.7635,502.5636,0,100,500,500,97.7,97.7,source_140
140,573.8219,426.7635,502.5636,0,300,154,500,77.9,77.9,source_140
140,573.8219,426.7635,502.5636,0,700,154,500,56.899998,56.899998,source_140
140,573.8219,426.7635,502.5636,0,700,700,217,70.4,70.4,source_140
140,573.8219,426.7635,502.5636,0,300,700,217,85.100003,85.100003,source_140
140,573.8219,426.7635,502.5636,0,300,300,217,71.3,71.3,source_140
140,573.8219,426.7635,502.5636,0,700,300,217,52.099999,52.099999,source_140
140,573.8219,426.7635,502.5636,0,500,500,100,71.599998,71.599998,source_140
141,455.6961,405.3348,484.2296,0,500,500,900,73.100001,73.100001,source_141
141,455.6961,405.3348,484.2296,0,783,500,783,78.500003,78.500003,source_141
141,455.6961,405.3348,484.2296,0,500,783,783,85.699998,85.699998,source_141
141,455.6961,405.3348,484.2296,0,217,500,783,65.6,65.6,source_141
141,455.6961,405.3348,484.2296,0,500,217,783,57.500001,57.500001,source_141
141,455.6961,405.3348,484.2296,0,900,500,500,92,92,source_141
141,455.6961,405.3348,484.2296,0,700,846,500,101.300001,101.300001,source_141
141,455.6961,405.3348,484.2296,0,300,846,500,95.299996,95.299996,source_141
141,455.6961,405.3348,484.2296,0,100,500,500,243.499994,243.499994,source_141
141,455.6961,405.3348,484.2296,0,300,154,500,56.899998,56.899998,source_141
141,455.6961,405.3348,484.2296,0,700,154,500,71.3,71.3,source_141
141,455.6961,405.3348,484.2296,0,700,700,217,81.200004,81.200004,source_141
141,455.6961,405.3348,484.2296,0,300,700,217,72.499998,72.499998,source_141
141,455.6961,405.3348,484.2296,0,300,300,217,48.500001,48.500001,source_141
141,455.6961,405.3348,484.2296,0,700,300,217,61.999999,61.999999,source_141
141,455.6961,405.3348,484.2296,0,500,500,100,67.100003,67.100003,source_141
142,445.9869,529.5966,517.8283,0,500,500,900,63.500002,63.500002,source_142
142,445.9869,529.5966,517.8283,0,783,500,783,73.100001,73.100001,source_142
142,445.9869,529.5966,517.8283,0,500,783,783,60.800001,60.800001,source_142
142,445.9869,529.5966,517.8283,0,217,500,783,55.100001,55.100001,source_142
142,445.9869,529.5966,517.8283,0,500,217,783,71.3,71.3,source_142
142,445.9869,529.5966,517.8283,0,900,500,500,92.900001,92.900001,source_142
142,445.9869,529.5966,517.8283,0,700,846,500,80.899999,80.899999,source_142
142,445.9869,529.5966,517.8283,0,300,846,500,66.500001,66.500001,source_142
142,445.9869,529.5966,517.8283,0,100,500,500,241.999999,241.999999,source_142
142,445.9869,529.5966,517.8283,0,300,154,500,80.899999,80.899999,source_142
142,445.9869,529.5966,517.8283,0,700,154,500,92.900001,92.900001,source_142
142,445.9869,529.5966,517.8283,0,700,700,217,72.499998,72.499998,source_142
142,445.9869,529.5966,517.8283,0,300,700,217,61.700001,61.700001,source_142
142,445.9869,529.5966,517.8283,0,300,300,217,66.500001,66.500001,source_142
142,445.9869,529.5966,517.8283,0,700,300,217,78.8,78.8,source_142
142,445.9869,529.5966,517.8283,0,500,500,100,71.900003,71.900003,source_142
143,624.2172,482.5638,329.0139,0,500,500,900,112.099998,112.099998,source_143
143,624.2172,482.5638,329.0139,0,783,500,783,91.1,91.1,source_143
143,624.2172,482.5638,329.0139,0,500,783,783,104.900002,104.900002,source_143
143,624.2172,482.5638,329.0139,0,500,217,783,102.499999,102.499999,source_143
143,624.2172,482.5638,329.0139,0,900,500,500,51.199999,51.199999,source_143
143,624.2172,482.5638,329.0139,0,700,846,500,72.499998,72.499998,source_143
143,624.2172,482.5638,329.0139,0,300,846,500,100.100003,100.100003,source_143
143,624.2172,482.5638,329.0139,0,100,500,500,107.299998,107.299998,source_143
143,624.2172,482.5638,329.0139,0,300,154,500,94.400004,94.400004,source_143
143,624.2172,482.5638,329.0139,0,700,154,500,65.6,65.6,source_143
143,624.2172,482.5638,329.0139,0,700,700,217,34.699999,34.699999,source_143
143,624.2172,482.5638,329.0139,0,300,700,217,71.599998,71.599998,source_143
143,624.2172,482.5638,329.0139,0,300,300,217,66.799998,66.799998,source_143
143,624.2172,482.5638,329.0139,0,700,300,217,27.5,27.5,source_143
143,624.2172,482.5638,329.0139,0,500,500,100,35.300002,35.300002,source_143
144,648.0301,593.8317,497.5438,0,500,500,900,79.700001,79.700001,source_144
144,648.0301,593.8317,497.5438,0,783,500,783,52.4,52.4,source_144
144,648.0301,593.8317,497.5438,0,500,783,783,61.999999,61.999999,source_144
144,648.0301,593.8317,497.5438,0,217,500,783,98.899998,98.899998,source_144
144,648.0301,593.8317,497.5438,0,500,217,783,91.700003,91.700003,source_144
144,648.0301,593.8317,497.5438,0,300,846,500,90.499997,90.499997,source_144
144,648.0301,593.8317,497.5438,0,100,500,500,265.100002,265.100002,source_144
144,648.0301,593.8317,497.5438,0,700,154,500,91.700003,91.700003,source_144
144,648.0301,593.8317,497.5438,0,700,700,217,47.3,47.3,source_144
144,648.0301,593.8317,497.5438,0,300,700,217,84.799998,84.799998,source_144
144,648.0301,593.8317,497.5438,0,300,300,217,99.5,99.5,source_144
144,648.0301,593.8317,497.5438,0,700,300,217,73.100001,73.100001,source_144
144,648.0301,593.8317,497.5438,0,500,500,100,77.9,77.9,source_144
145,540.2543,606.7596,388.6402,0,500,500,900,96.799999,96.799999,source_145
145,540.2543,606.7596,388.6402,0,783,500,783,86.300001,86.300001,source_145
145,540.2543,606.7596,388.6402,0,500,783,783,77.9,77.9,source_145
145,540.2543,606.7596,388.6402,0,217,500,783,95.299996,95.299996,source_145
145,540.2543,606.7596,388.6402,0,500,217,783,100.400001,100.400001,source_145
145,540.2543,606.7596,388.6402,0,900,500,500,67.699999,67.699999,source_145
145,540.2543,606.7596,388.6402,0,700,846,500,47.899999,47.899999,source_145
145,540.2543,606.7596,388.6402,0,300,846,500,60.5,60.5,source_145
145,540.2543,606.7596,388.6402,0,100,500,500,85.699998,85.699998,source_145
145,540.2543,606.7596,388.6402,0,300,154,500,110.9,110.9,source_145
145,540.2543,606.7596,388.6402,0,700,700,217,32.000002,32.000002,source_145
145,540.2543,606.7596,388.6402,0,300,700,217,47.899999,47.899999,source_145
145,540.2543,606.7596,388.6402,0,300,300,217,76.700002,76.700002,source_145
145,540.2543,606.7596,388.6402,0,700,300,217,66.500001,66.500001,source_145
145,540.2543,606.7596,388.6402,0,500,500,100,46.399999,46.399999,source_145
146,475.9933,560.8945,473.368,0,500,500,900,73.100001,73.100001,source_146
146,475.9933,560.8945,473.368,0,783,500,783,77.299997,77.299997,source_146
146,475.9933,560.8945,473.368,0,500,783,783,61.999999,61.999999,source_146
146,475.9933,560.8945,473.368,0,217,500,783,67.699999,67.699999,source_146
146,475.9933,560.8945,473.368,0,500,217,783,81.200004,81.200004,source_146
146,475.9933,560.8945,473.368,0,900,500,500,86.900003,86.900003,source_146
146,475.9933,560.8945,473.368,0,700,846,500,71.900003,71.900003,source_146
146,475.9933,560.8945,473.368,0,300,846,500,66.500001,66.500001,source_146
146,475.9933,560.8945,473.368,0,100,500,500,76.099999,76.099999,source_146
146,475.9933,560.8945,473.368,0,300,154,500,90.499997,90.499997,source_146
146,475.9933,560.8945,473.368,0,700,154,500,93.199998,93.199998,source_146
146,475.9933,560.8945,473.368,0,700,700,217,59.599999,59.599999,source_146
146,475.9933,560.8945,473.368,0,300,700,217,52.4,52.4,source_146
146,475.9933,560.8945,473.368,0,300,300,217,67.699999,67.699999,source_146
146,475.9933,560.8945,473.368,0,700,300,217,73.100001,73.100001,source_146
146,475.9933,560.8945,473.368,0,500,500,100,62.3,62.3,source_146
147,499.5169,618.3833,482.7952,0,500,500,900,76.399997,76.399997,source_147
147,499.5169,618.3833,482.7952,0,783,500,783,76.099999,76.099999,source_147
147,499.5169,618.3833,482.7952,0,500,783,783,56.299999,56.299999,source_147
147,499.5169,618.3833,482.7952,0,217,500,783,75.499997,75.499997,source_147
147,499.5169,618.3833,482.7952,0,500,217,783,90.800002,90.800002,source_147
147,499.5169,618.3833,482.7952,0,700,846,500,56.899998,56.899998,source_147
147,499.5169,618.3833,482.7952,0,300,846,500,56.899998,56.899998,source_147
147,499.5169,618.3833,482.7952,0,300,154,500,102.799997,102.799997,source_147
147,499.5169,618.3833,482.7952,0,700,154,500,102.799997,102.799997,source_147
147,499.5169,618.3833,482.7952,0,700,700,217,55.100001,55.100001,source_147
147,499.5169,618.3833,482.7952,0,300,700,217,54.499999,54.499999,source_147
147,499.5169,618.3833,482.7952,0,300,300,217,81.200004,81.200004,source_147
147,499.5169,618.3833,482.7952,0,700,300,217,81.200004,81.200004,source_147
147,499.5169,618.3833,482.7952,0,500,500,100,67.699999,67.699999,source_147
148,670.3334,563.9723,390.3986,0,500,500,900,104.900002,104.900002,source_148
148,670.3334,563.9723,390.3986,0,783,500,783,72.499998,72.499998,source_148
148,670.3334,563.9723,390.3986,0,500,217,783,104.900002,104.900002,source_148
148,670.3334,563.9723,390.3986,0,900,500,500,35.599999,35.599999,source_148
148,670.3334,563.9723,390.3986,0,700,846,500,46.399999,46.399999,source_148
148,670.3334,563.9723,390.3986,0,300,846,500,89.299999,89.299999,source_148
148,670.3334,563.9723,390.3986,0,100,500,500,125,125,source_148
148,670.3334,563.9723,390.3986,0,300,154,500,119.3,119.3,source_148
148,670.3334,563.9723,390.3986,0,700,154,500,77.299997,77.299997,source_148
148,670.3334,563.9723,390.3986,0,700,700,217,24.499999,24.499999,source_148
148,670.3334,563.9723,390.3986,0,300,700,217,77.299997,77.299997,source_148
148,670.3334,563.9723,390.3986,0,300,300,217,91.700003,91.700003,source_148
148,670.3334,563.9723,390.3986,0,700,300,217,48.500001,48.500001,source_148
148,670.3334,563.9723,390.3986,0,500,500,100,56.299999,56.299999,source_148
149,437.6401,347.185,411.7371,0,500,500,900,97.7,97.7,source_149
149,437.6401,347.185,411.7371,0,783,500,783,100.400001,100.400001,source_149
149,437.6401,347.185,411.7371,0,217,500,783,82.699999,82.699999,source_149
149,437.6401,347.185,411.7371,0,500,217,783,68.300001,68.300001,source_149
149,437.6401,347.185,411.7371,0,900,500,500,104.900002,104.900002,source_149
149,437.6401,347.185,411.7371,0,700,846,500,114.500001,114.500001,source_149
149,437.6401,347.185,411.7371,0,300,846,500,109.700002,109.700002,source_149
149,437.6401,347.185,411.7371,0,100,500,500,66.500001,66.500001,source_149
149,437.6401,347.185,411.7371,0,300,154,500,33.500001,33.500001,source_149
149,437.6401,347.185,411.7371,0,700,154,500,56.000002,56.000002,source_149
149,437.6401,347.185,411.7371,0,700,700,217,89.900002,89.900002,source_149
149,437.6401,347.185,411.7371,0,300,700,217,76.700002,76.700002,source_149
149,437.6401,347.185,411.7371,0,300,300,217,29.300001,29.300001,source_149
149,437.6401,347.185,411.7371,0,700,300,217,52.700002,52.700002,source_149
149,437.6401,347.185,411.7371,0,500,500,100,58.400001,58.400001,source_149
150,537.7813,456.8427,459.1844,0,500,500,900,77.600002,77.600002,source_150
150,537.7813,456.8427,459.1844,0,783,500,783,67.699999,67.699999,source_150
150,537.7813,456.8427,459.1844,0,500,783,783,81.200004,81.200004,source_150
150,537.7813,456.8427,459.1844,0,217,500,783,78.500003,78.500003,source_150
150,537.7813,456.8427,459.1844,0,500,217,783,67.100003,67.100003,source_150
150,537.7813,456.8427,459.1844,0,900,500,500,71.3,71.3,source_150
150,537.7813,456.8427,459.1844,0,700,846,500,82.099997,82.099997,source_150
150,537.7813,456.8427,459.1844,0,300,846,500,92,92,source_150
150,537.7813,456.8427,459.1844,0,100,500,500,89.599997,89.599997,source_150
150,537.7813,456.8427,459.1844,0,300,154,500,76.099999,76.099999,source_150
150,537.7813,456.8427,459.1844,0,700,154,500,58.1,58.1,source_150
150,537.7813,456.8427,459.1844,0,700,700,217,61.999999,61.999999,source_150
150,537.7813,456.8427,459.1844,0,300,700,217,71.3,71.3,source_150
150,537.7813,456.8427,459.1844,0,300,300,217,61.099999,61.099999,source_150
150,537.7813,456.8427,459.1844,0,700,300,217,48.500001,48.500001,source_150
150,537.7813,456.8427,459.1844,0,500,500,100,58.699999,58.699999,source_150
151,644.9298,362.3633,609.9853,0,500,500,900,58.400001,58.400001,source_151
151,644.9298,362.3633,609.9853,0,783,500,783,34.699999,34.699999,source_151
151,644.9298,362.3633,609.9853,0,500,783,783,90.800002,90.800002,source_151
151,644.9298,362.3633,609.9853,0,217,500,783,90.800002,90.800002,source_151
151,644.9298,362.3633,609.9853,0,500,217,783,37.099998,37.099998,source_151
151,644.9298,362.3633,609.9853,0,900,500,500,47.600001,47.600001,source_151
151,644.9298,362.3633,609.9853,0,700,846,500,95.299996,95.299996,source_151
151,644.9298,362.3633,609.9853,0,300,846,500,116.899997,116.899997,source_151
151,644.9298,362.3633,609.9853,0,100,500,500,112.099998,112.099998,source_151
151,644.9298,362.3633,609.9853,0,300,154,500,74.900001,74.900001,source_151
151,644.9298,362.3633,609.9853,0,700,154,500,28.7,28.7,source_151
151,644.9298,362.3633,609.9853,0,700,700,217,99.5,99.5,source_151
151,644.9298,362.3633,609.9853,0,300,700,217,119.3,119.3,source_151
151,644.9298,362.3633,609.9853,0,300,300,217,100.400001,100.400001,source_151
151,644.9298,362.3633,609.9853,0,700,300,217,70.4,70.4,source_151
151,644.9298,362.3633,609.9853,0,500,500,100,105.2,105.2,source_151
152,537.6495,555.2562,324.2859,0,500,500,900,109.700002,109.700002,source_152
152,537.6495,555.2562,324.2859,0,783,500,783,99.200003,99.200003,source_152
152,537.6495,555.2562,324.2859,0,500,783,783,97.099997,97.099997,source_152
152,537.6495,555.2562,324.2859,0,217,500,783,104.900002,104.900002,source_152
152,537.6495,555.2562,324.2859,0,900,500,500,72.499998,72.499998,source_152
152,537.6495,555.2562,324.2859,0,700,846,500,64.400002,64.400002,source_152
152,537.6495,555.2562,324.2859,0,300,846,500,74.000001,74.000001,source_152
152,537.6495,555.2562,324.2859,0,100,500,500,89.299999,89.299999,source_152
152,537.6495,555.2562,324.2859,0,300,154,500,95.600002,95.600002,source_152
152,537.6495,555.2562,324.2859,0,700,154,500,86.900003,86.900003,source_152
152,537.6495,555.2562,324.2859,0,700,700,217,29.300001,29.300001,source_152
152,537.6495,555.2562,324.2859,0,300,700,217,43.099999,43.099999,source_152
152,537.6495,555.2562,324.2859,0,300,300,217,61.099999,61.099999,source_152
152,537.6495,555.2562,324.2859,0,700,300,217,47.899999,47.899999,source_152
152,537.6495,555.2562,324.2859,0,500,500,100,27.2,27.2,source_152
153,502.3955,448.8079,637.0673,0,500,500,900,36.800001,36.800001,source_153
153,502.3955,448.8079,637.0673,0,783,500,783,48.500001,48.500001,source_153
153,502.3955,448.8079,637.0673,0,500,783,783,62.899999,62.899999,source_153
153,502.3955,448.8079,637.0673,0,217,500,783,50.900001,50.900001,source_153
153,502.3955,448.8079,637.0673,0,500,217,783,38.3,38.3,source_153
153,502.3955,448.8079,637.0673,0,900,500,500,76.399997,76.399997,source_153
153,502.3955,448.8079,637.0673,0,700,846,500,85.699998,85.699998,source_153
153,502.3955,448.8079,637.0673,0,300,846,500,85.699998,85.699998,source_153
153,502.3955,448.8079,637.0673,0,100,500,500,76.399997,76.399997,source_153
153,502.3955,448.8079,637.0673,0,300,154,500,66.500001,66.500001,source_153
153,502.3955,448.8079,637.0673,0,700,154,500,65.6,65.6,source_153
153,502.3955,448.8079,637.0673,0,300,300,217,89.599997,89.599997,source_153
153,502.3955,448.8079,637.0673,0,700,300,217,85.699998,85.699998,source_153
153,502.3955,448.8079,637.0673,0,500,500,100,99.5,99.5,source_153
154,472.1817,469.1501,599.1747,0,500,500,900,46.399999,46.399999,source_154
154,472.1817,469.1501,599.1747,0,783,500,783,60.800001,60.800001,source_154
154,472.1817,469.1501,599.1747,0,500,783,783,61.999999,61.999999,source_154
154,472.1817,469.1501,599.1747,0,217,500,783,47.899999,47.899999,source_154
154,472.1817,469.1501,599.1747,0,500,217,783,47.600001,47.600001,source_154
154,472.1817,469.1501,599.1747,0,900,500,500,78.500003,78.500003,source_154
154,472.1817,469.1501,599.1747,0,700,846,500,80.899999,80.899999,source_154
154,472.1817,469.1501,599.1747,0,300,846,500,75.199999,75.199999,source_154
154,472.1817,469.1501,599.1747,0,100,500,500,66.500001,66.500001,source_154
154,472.1817,469.1501,599.1747,0,300,154,500,61.999999,61.999999,source_154
154,472.1817,469.1501,599.1747,0,700,154,500,70.4,70.4,source_154
154,472.1817,469.1501,599.1747,0,300,700,217,82.699999,82.699999,source_154
154,472.1817,469.1501,599.1747,0,300,300,217,77.600002,77.600002,source_154
154,472.1817,469.1501,599.1747,0,700,300,217,82.099997,82.099997,source_154
154,472.1817,469.1501,599.1747,0,500,500,100,87.200001,87.200001,source_154
155,502.2257,356.5648,508.3261,0,500,500,900,74.299999,74.299999,source_155
155,502.2257,356.5648,508.3261,0,783,500,783,73.100001,73.100001,source_155
155,502.2257,356.5648,508.3261,0,500,783,783,94.700001,94.700001,source_155
155,502.2257,356.5648,508.3261,0,217,500,783,75.499997,75.499997,source_155
155,502.2257,356.5648,508.3261,0,500,217,783,47.899999,47.899999,source_155
155,502.2257,356.5648,508.3261,0,900,500,500,250.699997,250.699997,source_155
155,502.2257,356.5648,508.3261,0,100,500,500,250.699997,250.699997,source_155
155,502.2257,356.5648,508.3261,0,300,154,500,54.8,54.8,source_155
155,502.2257,356.5648,508.3261,0,700,154,500,53.9,53.9,source_155
155,502.2257,356.5648,508.3261,0,700,700,217,89.599997,89.599997,source_155
155,502.2257,356.5648,508.3261,0,300,700,217,90.499997,90.499997,source_155
155,502.2257,356.5648,508.3261,0,300,300,217,58.400001,58.400001,source_155
155,502.2257,356.5648,508.3261,0,700,300,217,58.699999,58.699999,source_155
155,502.2257,356.5648,508.3261,0,500,500,100,76.700002,76.700002,source_155
156,336.5889,611.9565,607.2502,0,500,500,900,58.400001,58.400001,source_156
156,336.5889,611.9565,607.2502,0,783,500,783,94.099998,94.099998,source_156
156,336.5889,611.9565,607.2502,0,500,783,783,41.6,41.6,source_156
156,336.5889,611.9565,607.2502,0,217,500,783,28.4,28.4,source_156
156,336.5889,611.9565,607.2502,0,500,217,783,86.900003,86.900003,source_156
156,336.5889,611.9565,607.2502,0,900,500,500,124.1,124.1,source_156
156,336.5889,611.9565,607.2502,0,700,846,500,81.200004,81.200004,source_156
156,336.5889,611.9565,607.2502,0,300,846,500,34.1,34.1,source_156
156,336.5889,611.9565,607.2502,0,100,500,500,41.6,41.6,source_156
156,336.5889,611.9565,607.2502,0,700,154,500,115.699999,115.699999,source_156
156,336.5889,611.9565,607.2502,0,700,700,217,104.900002,104.900002,source_156
156,336.5889,611.9565,607.2502,0,300,700,217,70.699997,70.699997,source_156
156,336.5889,611.9565,607.2502,0,300,300,217,95.299996,95.299996,source_156
156,336.5889,611.9565,607.2502,0,700,300,217,117.200002,117.200002,source_156
156,336.5889,611.9565,607.2502,0,500,500,100,105.2,105.2,source_156
157,451.9196,561.3564,671.1608,0,500,500,900,29.300001,29.300001,source_157
157,451.9196,561.3564,671.1608,0,783,500,783,59.599999,59.599999,source_157
157,451.9196,561.3564,671.1608,0,500,783,783,33.500001,33.500001,source_157
157,451.9196,561.3564,671.1608,0,217,500,783,36.499999,36.499999,source_157
157,451.9196,561.3564,671.1608,0,500,217,783,62.899999,62.899999,source_157
157,451.9196,561.3564,671.1608,0,900,500,500,91.1,91.1,source_157
157,451.9196,561.3564,671.1608,0,700,846,500,72.499998,72.499998,source_157
157,451.9196,561.3564,671.1608,0,300,846,500,61.999999,61.999999,source_157
157,451.9196,561.3564,671.1608,0,100,500,500,67.699999,67.699999,source_157
157,451.9196,561.3564,671.1608,0,300,154,500,85.699998,85.699998,source_157
157,451.9196,561.3564,671.1608,0,700,154,500,95.600002,95.600002,source_157
157,451.9196,561.3564,671.1608,0,700,700,217,99.5,99.5,source_157
157,451.9196,561.3564,671.1608,0,300,700,217,93.500003,93.500003,source_157
157,451.9196,561.3564,671.1608,0,300,300,217,101.899996,101.899996,source_157
157,451.9196,561.3564,671.1608,0,500,500,100,109.700002,109.700002,source_157
158,527.7828,576.846,631.5904,0,500,500,900,39.2,39.2,source_158
158,527.7828,576.846,631.5904,0,783,500,783,46.399999,46.399999,source_158
158,527.7828,576.846,631.5904,0,500,783,783,33.500001,33.500001,source_158
158,527.7828,576.846,631.5904,0,217,500,783,58.400001,58.400001,source_158
158,527.7828,576.846,631.5904,0,500,217,783,67.699999,67.699999,source_158
158,527.7828,576.846,631.5904,0,900,500,500,70.4,70.4,source_158
158,527.7828,576.846,631.5904,0,700,846,500,56.299999,56.299999,source_158
158,527.7828,576.846,631.5904,0,300,846,500,62.899999,62.899999,source_158
158,527.7828,576.846,631.5904,0,100,500,500,81.500001,81.500001,source_158
158,527.7828,576.846,631.5904,0,700,700,217,85.100003,85.100003,source_158
158,527.7828,576.846,631.5904,0,300,700,217,87.499999,87.499999,source_158
158,527.7828,576.846,631.5904,0,300,300,217,99.5,99.5,source_158
158,527.7828,576.846,631.5904,0,700,300,217,95.299996,95.299996,source_158
158,527.7828,576.846,631.5904,0,500,500,100,99.200003,99.200003,source_158
159,471.4181,574.9643,615.846,0,500,500,900,42.800002,42.800002,source_159
159,471.4181,574.9643,615.846,0,783,500,783,60.5,60.5,source_159
159,471.4181,574.9643,615.846,0,500,783,783,36.499999,36.499999,source_159
159,471.4181,574.9643,615.846,0,217,500,783,47.600001,47.600001,source_159
159,471.4181,574.9643,615.846,0,500,217,783,68.300001,68.300001,source_159
159,471.4181,574.9643,615.846,0,900,500,500,81.200004,81.200004,source_159
159,471.4181,574.9643,615.846,0,700,846,500,61.999999,61.999999,source_159
159,471.4181,574.9643,615.846,0,300,846,500,55.100001,55.100001,source_159
159,471.4181,574.9643,615.846,0,100,500,500,67.699999,67.699999,source_159
159,471.4181,574.9643,615.846,0,300,154,500,185.299993,185.299993,source_159
159,471.4181,574.9643,615.846,0,700,700,217,85.699998,85.699998,source_159
159,471.4181,574.9643,615.846,0,300,700,217,80.300003,80.300003,source_159
159,471.4181,574.9643,615.846,0,700,300,217,95.299996,95.299996,source_159
159,471.4181,574.9643,615.846,0,500,500,100,95.899999,95.899999,source_159
160,320.5366,459.9624,413.7553,0,500,500,900,100.400001,100.400001,source_160
160,320.5366,459.9624,413.7553,0,500,783,783,99.5,99.5,source_160
160,320.5366,459.9624,413.7553,0,217,500,783,67.100003,67.100003,source_160
160,320.5366,459.9624,413.7553,0,500,217,783,87.499999,87.499999,source_160
160,320.5366,459.9624,413.7553,0,900,500,500,124.1,124.1,source_160
160,320.5366,459.9624,413.7553,0,700,846,500,118.4,118.4,source_160
160,320.5366,459.9624,413.7553,0,100,500,500,29.6,29.6,source_160
160,320.5366,459.9624,413.7553,0,300,154,500,49.699999,49.699999,source_160
160,320.5366,459.9624,413.7553,0,700,154,500,104.900002,104.900002,source_160
160,320.5366,459.9624,413.7553,0,700,700,217,91.1,91.1,source_160
160,320.5366,459.9624,413.7553,0,300,700,217,47.899999,47.899999,source_160
160,320.5366,459.9624,413.7553,0,300,300,217,33.500001,33.500001,source_160
160,320.5366,459.9624,413.7553,0,700,300,217,82.699999,82.699999,source_160
160,320.5366,459.9624,413.7553,0,500,500,100,61.099999,61.099999,source_160
161,578.8371,395.2795,419.1018,0,500,500,900,90.800002,90.800002,source_161
161,578.8371,395.2795,419.1018,0,783,500,783,76.099999,76.099999,source_161
161,578.8371,395.2795,419.1018,0,500,217,783,71.599998,71.599998,source_161
161,578.8371,395.2795,419.1018,0,900,500,500,58.1,58.1,source_161
161,578.8371,395.2795,419.1018,0,300,846,500,109.700002,109.700002,source_161
161,578.8371,395.2795,419.1018,0,100,500,500,104.3,104.3,source_161
161,578.8371,395.2795,419.1018,0,300,154,500,66.500001,66.500001,source_161
161,578.8371,395.2795,419.1018,0,700,154,500,41.6,41.6,source_161
161,578.8371,395.2795,419.1018,0,700,700,217,65.6,65.6,source_161
161,578.8371,395.2795,419.1018,0,300,700,217,82.699999,82.699999,source_161
161,578.8371,395.2795,419.1018,0,300,300,217,58.699999,58.699999,source_161
161,578.8371,395.2795,419.1018,0,700,300,217,33.500001,33.500001,source_161
161,578.8371,395.2795,419.1018,0,500,500,100,56.000002,56.000002,source_161
162,517.4886,497.8708,454.9939,0,500,500,900,76.399997,76.399997,source_162
162,517.4886,497.8708,454.9939,0,783,500,783,72.499998,72.499998,source_162
162,517.4886,497.8708,454.9939,0,500,783,783,75.199999,75.199999,source_162
162,517.4886,497.8708,454.9939,0,217,500,783,76.099999,76.099999,source_162
162,517.4886,497.8708,454.9939,0,500,217,783,73.700003,73.700003,source_162
162,517.4886,497.8708,454.9939,0,900,500,500,75.199999,75.199999,source_162
162,517.4886,497.8708,454.9939,0,700,846,500,78.8,78.8,source_162
162,517.4886,497.8708,454.9939,0,300,846,500,82.699999,82.699999,source_162
162,517.4886,497.8708,454.9939,0,100,500,500,85.699998,85.699998,source_162
162,517.4886,497.8708,454.9939,0,300,154,500,80.899999,80.899999,source_162
162,517.4886,497.8708,454.9939,0,700,154,500,78.8,78.8,source_162
162,517.4886,497.8708,454.9939,0,700,700,217,58.1,58.1,source_162
162,517.4886,497.8708,454.9939,0,300,700,217,61.999999,61.999999,source_162
162,517.4886,497.8708,454.9939,0,300,300,217,61.999999,61.999999,source_162
162,517.4886,497.8708,454.9939,0,700,300,217,58.1,58.1,source_162
162,517.4886,497.8708,454.9939,0,500,500,100,57.2,57.2,source_162
163,590.1849,532.8264,490.4534,0,500,500,900,71.900003,71.900003,source_163
163,590.1849,532.8264,490.4534,0,783,500,783,56.299999,56.299999,source_163
163,590.1849,532.8264,490.4534,0,500,783,783,67.100003,67.100003,source_163
163,590.1849,532.8264,490.4534,0,217,500,783,84.5,84.5,source_163
163,590.1849,532.8264,490.4534,0,500,217,783,76.099999,76.099999,source_163
163,590.1849,532.8264,490.4534,0,700,846,500,63.500002,63.500002,source_163
163,590.1849,532.8264,490.4534,0,300,846,500,85.699998,85.699998,source_163
163,590.1849,532.8264,490.4534,0,100,500,500,100.100003,100.100003,source_163
163,590.1849,532.8264,490.4534,0,300,154,500,194.000006,194.000006,source_163
163,590.1849,532.8264,490.4534,0,700,154,500,78.8,78.8,source_163
163,590.1849,532.8264,490.4534,0,700,700,217,52.700002,52.700002,source_163
163,590.1849,532.8264,490.4534,0,300,700,217,72.499998,72.499998,source_163
163,590.1849,532.8264,490.4534,0,300,300,217,80.300003,80.300003,source_163
163,590.1849,532.8264,490.4534,0,700,300,217,61.999999,61.999999,source_163
163,590.1849,532.8264,490.4534,0,500,500,100,67.100003,67.100003,source_163
164,622.5962,510.7504,467.3509,0,500,500,900,81.200004,81.200004,source_164
164,622.5962,510.7504,467.3509,0,783,500,783,57.500001,57.500001,source_164
164,622.5962,510.7504,467.3509,0,500,783,783,77.299997,77.299997,source_164
164,622.5962,510.7504,467.3509,0,500,217,783,80.899999,80.899999,source_164
164,622.5962,510.7504,467.3509,0,900,500,500,52.099999,52.099999,source_164
164,622.5962,510.7504,467.3509,0,700,846,500,66.500001,66.500001,source_164
164,622.5962,510.7504,467.3509,0,300,846,500,95.299996,95.299996,source_164
164,622.5962,510.7504,467.3509,0,100,500,500,106.399998,106.399998,source_164
164,622.5962,510.7504,467.3509,0,300,154,500,100.100003,100.100003,source_164
164,622.5962,510.7504,467.3509,0,700,154,500,73.100001,73.100001,source_164
164,622.5962,510.7504,467.3509,0,700,700,217,49.1,49.1,source_164
164,622.5962,510.7504,467.3509,0,300,700,217,79.999998,79.999998,source_164
164,622.5962,510.7504,467.3509,0,300,300,217,81.200004,81.200004,source_164
164,622.5962,510.7504,467.3509,0,700,300,217,53.9,53.9,source_164
164,622.5962,510.7504,467.3509,0,500,500,100,66.799998,66.799998,source_164
165,324.9233,409.9241,450.8048,0,500,500,900,92.299998,92.299998,source_165
165,324.9233,409.9241,450.8048,0,783,500,783,109.700002,109.700002,source_165
165,324.9233,409.9241,450.8048,0,500,783,783,100.100003,100.100003,source_165
165,324.9233,409.9241,450.8048,0,217,500,783,60.800001,60.800001,source_165
165,324.9233,409.9241,450.8048,0,500,217,783,76.099999,76.099999,source_165
165,324.9233,409.9241,450.8048,0,900,500,500,262.699991,262.699991,source_165
165,324.9233,409.9241,450.8048,0,700,846,500,120.499998,120.499998,source_165
165,324.9233,409.9241,450.8048,0,100,500,500,33.500001,33.500001,source_165
165,324.9233,409.9241,450.8048,0,300,154,500,36.499999,36.499999,source_165
165,324.9233,409.9241,450.8048,0,700,154,500,97.099997,97.099997,source_165
165,324.9233,409.9241,450.8048,0,700,700,217,100.400001,100.400001,source_165
165,324.9233,409.9241,450.8048,0,300,700,217,61.999999,61.999999,source_165
165,324.9233,409.9241,450.8048,0,300,300,217,34.699999,34.699999,source_165
165,324.9233,409.9241,450.8048,0,700,300,217,82.699999,82.699999,source_165
165,324.9233,409.9241,450.8048,0,500,500,100,71.900003,71.900003,source_165
166,587.9377,407.8323,330.467,0,500,500,900,110.9,110.9,source_166
166,587.9377,407.8323,330.467,0,783,500,783,95.899999,95.899999,source_166
166,587.9377,407.8323,330.467,0,500,783,783,114.500001,114.500001,source_166
166,587.9377,407.8323,330.467,0,500,217,783,95.899999,95.899999,source_166
166,587.9377,407.8323,330.467,0,900,500,500,61.999999,61.999999,source_166
166,587.9377,407.8323,330.467,0,300,846,500,107.299998,107.299998,source_166
166,587.9377,407.8323,330.467,0,100,500,500,101.300001,101.300001,source_166
166,587.9377,407.8323,330.467,0,300,154,500,74.900001,74.900001,source_166
166,587.9377,407.8323,330.467,0,700,154,500,51.199999,51.199999,source_166
166,587.9377,407.8323,330.467,0,700,700,217,52.4,52.4,source_166
166,587.9377,407.8323,330.467,0,300,700,217,76.399997,76.399997,source_166
166,587.9377,407.8323,330.467,0,300,300,217,51.199999,51.199999,source_166
166,587.9377,407.8323,330.467,0,700,300,217,18.5,18.5,source_166
166,587.9377,407.8323,330.467,0,500,500,100,35.599999,35.599999,source_166
167,602.644,437.7404,310.7095,0,500,500,900,115.699999,115.699999,source_167
167,602.644,437.7404,310.7095,0,783,500,783,96.799999,96.799999,source_167
167,602.644,437.7404,310.7095,0,500,783,783,114.500001,114.500001,source_167
167,602.644,437.7404,310.7095,0,500,217,783,101.899996,101.899996,source_167
167,602.644,437.7404,310.7095,0,900,500,500,60.800001,60.800001,source_167
167,602.644,437.7404,310.7095,0,700,846,500,86.000003,86.000003,source_167
167,602.644,437.7404,310.7095,0,300,846,500,105.2,105.2,source_167
167,602.644,437.7404,310.7095,0,100,500,500,105.499998,105.499998,source_167
167,602.644,437.7404,310.7095,0,300,154,500,84.799998,84.799998,source_167
167,602.644,437.7404,310.7095,0,700,154,500,58.400001,58.400001,source_167
167,602.644,437.7404,310.7095,0,700,700,217,42.800002,42.800002,source_167
167,602.644,437.7404,310.7095,0,300,700,217,71.900003,71.900003,source_167
167,602.644,437.7404,310.7095,0,300,300,217,56.299999,56.299999,source_167
167,602.644,437.7404,310.7095,0,700,300,217,19.099999,19.099999,source_167
167,602.644,437.7404,310.7095,0,500,500,100,28.4,28.4,source_167
168,558.4444,425.1316,538.3426,0,500,500,900,61.999999,61.999999,source_168
168,558.4444,425.1316,538.3426,0,783,500,783,52.700002,52.700002,source_168
168,558.4444,425.1316,538.3426,0,500,783,783,77.299997,77.299997,source_168
168,558.4444,425.1316,538.3426,0,217,500,783,72.499998,72.499998,source_168
168,558.4444,425.1316,538.3426,0,500,217,783,47.899999,47.899999,source_168
168,558.4444,425.1316,538.3426,0,900,500,500,56.899998,56.899998,source_168
168,558.4444,425.1316,538.3426,0,700,846,500,90.499997,90.499997,source_168
168,558.4444,425.1316,538.3426,0,300,846,500,100.100003,100.100003,source_168
168,558.4444,425.1316,538.3426,0,100,500,500,95.299996,95.299996,source_168
168,558.4444,425.1316,538.3426,0,300,154,500,76.099999,76.099999,source_168
168,558.4444,425.1316,538.3426,0,700,154,500,47.3,47.3,source_168
168,558.4444,425.1316,538.3426,0,700,700,217,77.9,77.9,source_168
168,558.4444,425.1316,538.3426,0,300,700,217,85.699998,85.699998,source_168
168,558.4444,425.1316,538.3426,0,300,300,217,73.700003,73.700003,source_168
168,558.4444,425.1316,538.3426,0,700,300,217,61.099999,61.099999,source_168
168,558.4444,425.1316,538.3426,0,500,500,100,77.299997,77.299997,source_168
169,596.6302,471.3789,470.6519,0,500,500,900,76.399997,76.399997,source_169
169,596.6302,471.3789,470.6519,0,783,500,783,60.800001,60.800001,source_169
169,596.6302,471.3789,470.6519,0,500,783,783,78.500003,78.500003,source_169
169,596.6302,471.3789,470.6519,0,217,500,783,87.200001,87.200001,source_169
169,596.6302,471.3789,470.6519,0,500,217,783,71.3,71.3,source_169
169,596.6302,471.3789,470.6519,0,700,846,500,77.9,77.9,source_169
169,596.6302,471.3789,470.6519,0,300,846,500,96.799999,96.799999,source_169
169,596.6302,471.3789,470.6519,0,100,500,500,101.300001,101.300001,source_169
169,596.6302,471.3789,470.6519,0,300,154,500,87.200001,87.200001,source_169
169,596.6302,471.3789,470.6519,0,700,154,500,66.500001,66.500001,source_169
169,596.6302,471.3789,470.6519,0,700,700,217,57.500001,57.500001,source_169
169,596.6302,471.3789,470.6519,0,300,700,217,79.999998,79.999998,source_169
169,596.6302,471.3789,470.6519,0,300,300,217,72.499998,72.499998,source_169
169,596.6302,471.3789,470.6519,0,700,300,217,47.899999,47.899999,source_169
169,596.6302,471.3789,470.6519,0,500,500,100,63.500002,63.500002,source_169
170,689.4037,460.8249,492.8792,0,500,500,900,82.699999,82.699999,source_170
170,689.4037,460.8249,492.8792,0,783,500,783,44.300001,44.300001,source_170
170,689.4037,460.8249,492.8792,0,500,783,783,86.000003,86.000003,source_170
170,689.4037,460.8249,492.8792,0,217,500,783,105.2,105.2,source_170
170,689.4037,460.8249,492.8792,0,500,217,783,76.099999,76.099999,source_170
170,689.4037,460.8249,492.8792,0,700,846,500,77.299997,77.299997,source_170
170,689.4037,460.8249,492.8792,0,100,500,500,124.1,124.1,source_170
170,689.4037,460.8249,492.8792,0,300,154,500,257.9,257.9,source_170
170,689.4037,460.8249,492.8792,0,700,154,500,56.899998,56.899998,source_170
170,689.4037,460.8249,492.8792,0,700,700,217,61.099999,61.099999,source_170
170,689.4037,460.8249,492.8792,0,300,700,217,100.400001,100.400001,source_170
170,689.4037,460.8249,492.8792,0,300,300,217,95.899999,95.899999,source_170
170,689.4037,460.8249,492.8792,0,700,300,217,48.500001,48.500001,source_170
170,689.4037,460.8249,492.8792,0,500,500,100,80.300003,80.300003,source_170
171,505.0695,496.8461,502.9967,0,500,500,900,66.799998,66.799998,source_171
171,505.0695,496.8461,502.9967,0,783,500,783,65.6,65.6,source_171
171,505.0695,496.8461,502.9967,0,500,783,783,67.100003,67.100003,source_171
171,505.0695,496.8461,502.9967,0,217,500,783,67.100003,67.100003,source_171
171,505.0695,496.8461,502.9967,0,500,217,783,65.6,65.6,source_171
171,505.0695,496.8461,502.9967,0,900,500,500,80.899999,80.899999,source_171
171,505.0695,496.8461,502.9967,0,700,846,500,80.899999,80.899999,source_171
171,505.0695,496.8461,502.9967,0,300,846,500,80.899999,80.899999,source_171
171,505.0695,496.8461,502.9967,0,100,500,500,80.899999,80.899999,source_171
171,505.0695,496.8461,502.9967,0,300,154,500,80.899999,80.899999,source_171
171,505.0695,496.8461,502.9967,0,700,154,500,77.600002,77.600002,source_171
171,505.0695,496.8461,502.9967,0,700,700,217,66.500001,66.500001,source_171
171,505.0695,496.8461,502.9967,0,300,700,217,66.799998,66.799998,source_171
171,505.0695,496.8461,502.9967,0,300,300,217,66.799998,66.799998,source_171
171,505.0695,496.8461,502.9967,0,700,300,217,65.6,65.6,source_171
171,505.0695,496.8461,502.9967,0,500,500,100,67.100003,67.100003,source_171
172,488.5277,370.2338,486.487,0,500,500,900,77.600002,77.600002,source_172
172,488.5277,370.2338,486.487,0,783,500,783,77.9,77.9,source_172
172,488.5277,370.2338,486.487,0,500,783,783,92.900001,92.900001,source_172
172,488.5277,370.2338,486.487,0,217,500,783,73.700003,73.700003,source_172
172,488.5277,370.2338,486.487,0,500,217,783,52.700002,52.700002,source_172
172,488.5277,370.2338,486.487,0,900,500,500,248.899996,248.899996,source_172
172,488.5277,370.2338,486.487,0,700,846,500,104.900002,104.900002,source_172
172,488.5277,370.2338,486.487,0,300,846,500,104.900002,104.900002,source_172
172,488.5277,370.2338,486.487,0,100,500,500,248.300001,248.300001,source_172
172,488.5277,370.2338,486.487,0,300,154,500,54.8,54.8,source_172
172,488.5277,370.2338,486.487,0,700,154,500,58.400001,58.400001,source_172
172,488.5277,370.2338,486.487,0,700,700,217,85.699998,85.699998,source_172
172,488.5277,370.2338,486.487,0,300,700,217,82.099997,82.099997,source_172
172,488.5277,370.2338,486.487,0,300,300,217,53.9,53.9,source_172
172,488.5277,370.2338,486.487,0,700,300,217,57.500001,57.500001,source_172
172,488.5277,370.2338,486.487,0,500,500,100,71.900003,71.900003,source_172
173,432.5973,481.8917,498.3109,0,500,500,900,68.000004,68.000004,source_173
173,432.5973,481.8917,498.3109,0,783,500,783,78.8,78.8,source_173
173,432.5973,481.8917,498.3109,0,500,783,783,71.3,71.3,source_173
173,432.5973,481.8917,498.3109,0,217,500,783,57.500001,57.500001,source_173
173,432.5973,481.8917,498.3109,0,500,217,783,65.6,65.6,source_173
173,432.5973,481.8917,498.3109,0,900,500,500,95.299996,95.299996,source_173
173,432.5973,481.8917,498.3109,0,700,846,500,37.4,37.4,source_173
173,432.5973,481.8917,498.3109,0,300,846,500,76.099999,76.099999,source_173
173,432.5973,481.8917,498.3109,0,100,500,500,242.599994,242.599994,source_173
173,432.5973,481.8917,498.3109,0,300,154,500,66.500001,66.500001,source_173
173,432.5973,481.8917,498.3109,0,700,154,500,85.699998,85.699998,source_173
173,432.5973,481.8917,498.3109,0,700,700,217,77.299997,77.299997,source_173
173,432.5973,481.8917,498.3109,0,300,700,217,61.999999,61.999999,source_173
173,432.5973,481.8917,498.3109,0,300,300,217,57.500001,57.500001,source_173
173,432.5973,481.8917,498.3109,0,700,300,217,72.499998,72.499998,source_173
173,432.5973,481.8917,498.3109,0,500,500,100,67.100003,67.100003,source_173
174,483.3839,430.2588,512.389,0,500,500,900,65.899998,65.899998,source_174
174,483.3839,430.2588,512.389,0,783,500,783,68.300001,68.300001,source_174
174,483.3839,430.2588,512.389,0,500,783,783,77.600002,77.600002,source_174
174,483.3839,430.2588,512.389,0,217,500,783,61.999999,61.999999,source_174
174,483.3839,430.2588,512.389,0,500,217,783,52.700002,52.700002,source_174
174,483.3839,430.2588,512.389,0,900,500,500,85.699998,85.699998,source_174
174,483.3839,430.2588,512.389,0,700,846,500,95.299996,95.299996,source_174
174,483.3839,430.2588,512.389,0,300,846,500,92.900001,92.900001,source_174
174,483.3839,430.2588,512.389,0,300,154,500,66.500001,66.500001,source_174
174,483.3839,430.2588,512.389,0,700,154,500,71.3,71.3,source_174
174,483.3839,430.2588,512.389,0,700,700,217,77.9,77.9,source_174
174,483.3839,430.2588,512.389,0,300,700,217,76.700002,76.700002,source_174
174,483.3839,430.2588,512.389,0,300,300,217,61.099999,61.099999,source_174
174,483.3839,430.2588,512.389,0,700,300,217,62.899999,62.899999,source_174
174,483.3839,430.2588,512.389,0,500,500,100,71.900003,71.900003,source_174
175,463.1954,477.5876,595.3021,0,500,500,900,46.399999,46.399999,source_175
175,463.1954,477.5876,595.3021,0,783,500,783,61.999999,61.999999,source_175
175,463.1954,477.5876,595.3021,0,500,783,783,58.400001,58.400001,source_175
175,463.1954,477.5876,595.3021,0,217,500,783,46.399999,46.399999,source_175
175,463.1954,477.5876,595.3021,0,500,217,783,48.799999,48.799999,source_175
175,463.1954,477.5876,595.3021,0,900,500,500,79.700001,79.700001,source_175
175,463.1954,477.5876,595.3021,0,700,846,500,167.300001,167.300001,source_175
175,463.1954,477.5876,595.3021,0,300,846,500,71.3,71.3,source_175
175,463.1954,477.5876,595.3021,0,100,500,500,62.899999,62.899999,source_175
175,463.1954,477.5876,595.3021,0,300,154,500,62.899999,62.899999,source_175
175,463.1954,477.5876,595.3021,0,700,154,500,71.3,71.3,source_175
175,463.1954,477.5876,595.3021,0,300,700,217,80.899999,80.899999,source_175
175,463.1954,477.5876,595.3021,0,300,300,217,77.600002,77.600002,source_175
175,463.1954,477.5876,595.3021,0,700,300,217,82.699999,82.699999,source_175
175,463.1954,477.5876,595.3021,0,500,500,100,86.300001,86.300001,source_175
176,647.3765,637.2146,370.8685,0,500,500,900,110.9,110.9,source_176
176,647.3765,637.2146,370.8685,0,783,500,783,82.699999,82.699999,source_176
176,647.3765,637.2146,370.8685,0,500,783,783,85.699998,85.699998,source_176
176,647.3765,637.2146,370.8685,0,217,500,783,118.4,118.4,source_176
176,647.3765,637.2146,370.8685,0,500,217,783,116.899997,116.899997,source_176
176,647.3765,637.2146,370.8685,0,900,500,500,47.899999,47.899999,source_176
176,647.3765,637.2146,370.8685,0,700,846,500,33.500001,33.500001,source_176
176,647.3765,637.2146,370.8685,0,300,846,500,77.299997,77.299997,source_176
176,647.3765,637.2146,370.8685,0,100,500,500,124.700002,124.700002,source_176
176,647.3765,637.2146,370.8685,0,300,154,500,131.600007,131.600007,source_176
176,647.3765,637.2146,370.8685,0,700,154,500,96.500002,96.500002,source_176
176,647.3765,637.2146,370.8685,0,300,700,217,66.500001,66.500001,source_176
176,647.3765,637.2146,370.8685,0,300,300,217,97.999997,97.999997,source_176
176,647.3765,637.2146,370.8685,0,700,300,217,61.999999,61.999999,source_176
176,647.3765,637.2146,370.8685,0,500,500,100,53.9,53.9,source_176
177,536.358,479.9394,405.2077,0,500,500,900,86.900003,86.900003,source_177
177,536.358,479.9394,405.2077,0,783,500,783,79.700001,79.700001,source_177
177,536.358,479.9394,405.2077,0,500,783,783,86.300001,86.300001,source_177
177,536.358,479.9394,405.2077,0,217,500,783,87.200001,87.200001,source_177
177,536.358,479.9394,405.2077,0,500,217,783,81.200004,81.200004,source_177
177,536.358,479.9394,405.2077,0,900,500,500,64.400002,64.400002,source_177
177,536.358,479.9394,405.2077,0,700,846,500,72.499998,72.499998,source_177
177,536.358,479.9394,405.2077,0,100,500,500,90.499997,90.499997,source_177
177,536.358,479.9394,405.2077,0,300,154,500,85.100003,85.100003,source_177
177,536.358,479.9394,405.2077,0,700,154,500,62.899999,62.899999,source_177
177,536.358,479.9394,405.2077,0,700,700,217,51.199999,51.199999,source_177
177,536.358,479.9394,405.2077,0,300,700,217,61.700001,61.700001,source_177
177,536.358,479.9394,405.2077,0,300,300,217,57.500001,57.500001,source_177
177,536.358,479.9394,405.2077,0,700,300,217,46.399999,46.399999,source_177
177,536.358,479.9394,405.2077,0,500,500,100,46.399999,46.399999,source_177
178,562.8339,573.0655,500.3664,0,500,500,900,70.100002,70.100002,source_178
178,562.8339,573.0655,500.3664,0,783,500,783,58.400001,58.400001,source_178
178,562.8339,573.0655,500.3664,0,500,783,783,57.500001,57.500001,source_178
178,562.8339,573.0655,500.3664,0,217,500,783,79.700001,79.700001,source_178
178,562.8339,573.0655,500.3664,0,500,217,783,81.200004,81.200004,source_178
178,562.8339,573.0655,500.3664,0,300,846,500,23,23,source_178
178,562.8339,573.0655,500.3664,0,100,500,500,42.199999,42.199999,source_178
178,562.8339,573.0655,500.3664,0,300,154,500,48.2,48.2,source_178
178,562.8339,573.0655,500.3664,0,700,154,500,37.4,37.4,source_178
178,562.8339,573.0655,500.3664,0,700,700,217,52.4,52.4,source_178
178,562.8339,573.0655,500.3664,0,300,700,217,67.699999,67.699999,source_178
178,562.8339,573.0655,500.3664,0,300,300,217,82.099997,82.099997,source_178
178,562.8339,573.0655,500.3664,0,700,300,217,70.4,70.4,source_178
178,562.8339,573.0655,500.3664,0,500,500,100,68.300001,68.300001,source_178
179,478.366,503.7271,534.4168,0,500,500,900,60.5,60.5,source_179
179,478.366,503.7271,534.4168,0,783,500,783,66.500001,66.500001,source_179
179,478.366,503.7271,534.4168,0,500,783,783,61.099999,61.099999,source_179
179,478.366,503.7271,534.4168,0,217,500,783,57.500001,57.500001,source_179
179,478.366,503.7271,534.4168,0,500,217,783,61.999999,61.999999,source_179
179,478.366,503.7271,534.4168,0,900,500,500,85.699998,85.699998,source_179
179,478.366,503.7271,534.4168,0,700,846,500,82.400002,82.400002,source_179
179,478.366,503.7271,534.4168,0,300,846,500,76.700002,76.700002,source_179
179,478.366,503.7271,534.4168,0,100,500,500,75.199999,75.199999,source_179
179,478.366,503.7271,534.4168,0,300,154,500,79.700001,79.700001,source_179
179,478.366,503.7271,534.4168,0,700,154,500,85.100003,85.100003,source_179
179,478.366,503.7271,534.4168,0,700,700,217,73.100001,73.100001,source_179
179,478.366,503.7271,534.4168,0,300,700,217,67.699999,67.699999,source_179
179,478.366,503.7271,534.4168,0,300,300,217,68.899997,68.899997,source_179
179,478.366,503.7271,534.4168,0,700,300,217,75.499997,75.499997,source_179
179,478.366,503.7271,534.4168,0,500,500,100,74.299999,74.299999,source_179
180,495.5082,550.9496,450.0566,0,500,500,900,78.8,78.8,source_180
180,495.5082,550.9496,450.0566,0,783,500,783,77.299997,77.299997,source_180
180,495.5082,550.9496,450.0566,0,500,783,783,68.000004,68.000004,source_180
180,495.5082,550.9496,450.0566,0,217,500,783,76.099999,76.099999,source_180
180,495.5082,550.9496,450.0566,0,500,217,783,80.899999,80.899999,source_180
180,495.5082,550.9496,450.0566,0,900,500,500,83.6,83.6,source_180
180,495.5082,550.9496,450.0566,0,700,846,500,59.300002,59.300002,source_180
180,495.5082,550.9496,450.0566,0,300,846,500,59.300002,59.300002,source_180
180,495.5082,550.9496,450.0566,0,300,154,500,90.499997,90.499997,source_180
180,495.5082,550.9496,450.0566,0,700,154,500,91.399997,91.399997,source_180
180,495.5082,550.9496,450.0566,0,700,700,217,53.300001,53.300001,source_180
180,495.5082,550.9496,450.0566,0,300,700,217,52.700002,52.700002,source_180
180,495.5082,550.9496,450.0566,0,300,300,217,65.6,65.6,source_180
180,495.5082,550.9496,450.0566,0,700,300,217,67.100003,67.100003,source_180
180,495.5082,550.9496,450.0566,0,500,500,100,57.500001,57.500001,source_180
181,509.7807,552.0493,429.5069,0,500,500,900,82.699999,82.699999,source_181
181,509.7807,552.0493,429.5069,0,783,500,783,77.600002,77.600002,source_181
181,509.7807,552.0493,429.5069,0,500,783,783,72.499998,72.499998,source_181
181,509.7807,552.0493,429.5069,0,217,500,783,81.200004,81.200004,source_181
181,509.7807,552.0493,429.5069,0,500,217,783,85.699998,85.699998,source_181
181,509.7807,552.0493,429.5069,0,900,500,500,67.699999,67.699999,source_181
181,509.7807,552.0493,429.5069,0,700,846,500,58.1,58.1,source_181
181,509.7807,552.0493,429.5069,0,300,846,500,61.999999,61.999999,source_181
181,509.7807,552.0493,429.5069,0,100,500,500,85.100003,85.100003,source_181
181,509.7807,552.0493,429.5069,0,300,154,500,90.499997,90.499997,source_181
181,509.7807,552.0493,429.5069,0,700,154,500,91.700003,91.700003,source_181
181,509.7807,552.0493,429.5069,0,700,700,217,47.899999,47.899999,source_181
181,509.7807,552.0493,429.5069,0,300,700,217,52.4,52.4,source_181
181,509.7807,552.0493,429.5069,0,300,300,217,65.6,65.6,source_181
181,509.7807,552.0493,429.5069,0,700,300,217,62.3,62.3,source_181
181,509.7807,552.0493,429.5069,0,500,500,100,52.700002,52.700002,source_181
182,514.8336,420.4564,625.6618,0,500,500,900,42.800002,42.800002,source_182
182,514.8336,420.4564,625.6618,0,783,500,783,48.500001,48.500001,source_182
182,514.8336,420.4564,625.6618,0,500,783,783,68.899997,68.899997,source_182
182,514.8336,420.4564,625.6618,0,217,500,783,57.500001,57.500001,source_182
182,514.8336,420.4564,625.6618,0,500,217,783,33.199999,33.199999,source_182
182,514.8336,420.4564,625.6618,0,900,500,500,72.499998,72.499998,source_182
182,514.8336,420.4564,625.6618,0,100,500,500,79.700001,79.700001,source_182
182,514.8336,420.4564,625.6618,0,300,154,500,61.999999,61.999999,source_182
182,514.8336,420.4564,625.6618,0,700,154,500,57.2,57.2,source_182
182,514.8336,420.4564,625.6618,0,700,700,217,95.299996,95.299996,source_182
182,514.8336,420.4564,625.6618,0,300,700,217,96.799999,96.799999,source_182
182,514.8336,420.4564,625.6618,0,300,300,217,85.699998,85.699998,source_182
182,514.8336,420.4564,625.6618,0,700,300,217,80.899999,80.899999,source_182
182,514.8336,420.4564,625.6618,0,500,500,100,96.799999,96.799999,source_182
183,446.599,518.5154,384.4338,0,500,500,900,93.199998,93.199998,source_183
183,446.599,518.5154,384.4338,0,500,783,783,86.300001,86.300001,source_183
183,446.599,518.5154,384.4338,0,217,500,783,82.099997,82.099997,source_183
183,446.599,518.5154,384.4338,0,500,217,783,90.499997,90.499997,source_183
183,446.599,518.5154,384.4338,0,900,500,500,85.699998,85.699998,source_183
183,446.599,518.5154,384.4338,0,700,846,500,77.299997,77.299997,source_183
183,446.599,518.5154,384.4338,0,300,846,500,63.199997,63.199997,source_183
183,446.599,518.5154,384.4338,0,100,500,500,61.999999,61.999999,source_183
183,446.599,518.5154,384.4338,0,300,154,500,72.499998,72.499998,source_183
183,446.599,518.5154,384.4338,0,700,154,500,95.299996,95.299996,source_183
183,446.599,518.5154,384.4338,0,700,700,217,57.500001,57.500001,source_183
183,446.599,518.5154,384.4338,0,300,700,217,41.900001,41.900001,source_183
183,446.599,518.5154,384.4338,0,300,300,217,46.399999,46.399999,source_183
183,446.599,518.5154,384.4338,0,700,300,217,63.500002,63.500002,source_183
183,446.599,518.5154,384.4338,0,500,500,100,43.099999,43.099999,source_183
184,516.9327,532.8451,401.4209,0,500,500,900,91.1,91.1,source_184
184,516.9327,532.8451,401.4209,0,783,500,783,82.099997,82.099997,source_184
184,516.9327,532.8451,401.4209,0,500,783,783,81.200004,81.200004,source_184
184,516.9327,532.8451,401.4209,0,217,500,783,86.900003,86.900003,source_184
184,516.9327,532.8451,401.4209,0,500,217,783,89.599997,89.599997,source_184
184,516.9327,532.8451,401.4209,0,900,500,500,68.000004,68.000004,source_184
184,516.9327,532.8451,401.4209,0,700,846,500,62.899999,62.899999,source_184
184,516.9327,532.8451,401.4209,0,300,846,500,66.500001,66.500001,source_184
184,516.9327,532.8451,401.4209,0,100,500,500,85.699998,85.699998,source_184
184,516.9327,532.8451,401.4209,0,300,154,500,90.499997,90.499997,source_184
184,516.9327,532.8451,401.4209,0,700,154,500,77.299997,77.299997,source_184
184,516.9327,532.8451,401.4209,0,700,700,217,46.399999,46.399999,source_184
184,516.9327,532.8451,401.4209,0,300,700,217,51.199999,51.199999,source_184
184,516.9327,532.8451,401.4209,0,300,300,217,61.999999,61.999999,source_184
184,516.9327,532.8451,401.4209,0,700,300,217,57.500001,57.500001,source_184
184,516.9327,532.8451,401.4209,0,500,500,100,45.200001,45.200001,source_184
185,623.6381,491.3441,343.14,0,500,500,900,109.700002,109.700002,source_185
185,623.6381,491.3441,343.14,0,783,500,783,86.300001,86.300001,source_185
185,623.6381,491.3441,343.14,0,500,783,783,101.899996,101.899996,source_185
185,623.6381,491.3441,343.14,0,500,217,783,101.300001,101.300001,source_185
185,623.6381,491.3441,343.14,0,900,500,500,48.799999,48.799999,source_185
185,623.6381,491.3441,343.14,0,700,846,500,67.699999,67.699999,source_185
185,623.6381,491.3441,343.14,0,300,846,500,96.500002,96.500002,source_185
185,623.6381,491.3441,343.14,0,100,500,500,117.5,117.5,source_185
185,623.6381,491.3441,343.14,0,300,154,500,95.299996,95.299996,source_185
185,623.6381,491.3441,343.14,0,700,154,500,66.500001,66.500001,source_185
185,623.6381,491.3441,343.14,0,700,700,217,34.1,34.1,source_185
185,623.6381,491.3441,343.14,0,300,700,217,71.599998,71.599998,source_185
185,623.6381,491.3441,343.14,0,300,300,217,69.200002,69.200002,source_185
185,623.6381,491.3441,343.14,0,700,300,217,29.300001,29.300001,source_185
185,623.6381,491.3441,343.14,0,500,500,100,37.999999,37.999999,source_185
186,562.0579,677.5143,625.9033,0,500,500,900,53.599998,53.599998,source_186
186,562.0579,677.5143,625.9033,0,783,500,783,49.699999,49.699999,source_186
186,562.0579,677.5143,625.9033,0,500,783,783,18.5,18.5,source_186
186,562.0579,677.5143,625.9033,0,217,500,783,76.700002,76.700002,source_186
186,562.0579,677.5143,625.9033,0,500,217,783,95.299996,95.299996,source_186
186,562.0579,677.5143,625.9033,0,900,500,500,71.3,71.3,source_186
186,562.0579,677.5143,625.9033,0,700,846,500,33.500001,33.500001,source_186
186,562.0579,677.5143,625.9033,0,300,846,500,53.300001,53.300001,source_186
186,562.0579,677.5143,625.9033,0,100,500,500,98.899998,98.899998,source_186
186,562.0579,677.5143,625.9033,0,300,154,500,129.500002,129.500002,source_186
186,562.0579,677.5143,625.9033,0,700,154,500,223.700002,223.700002,source_186
186,562.0579,677.5143,625.9033,0,700,700,217,77.9,77.9,source_186
186,562.0579,677.5143,625.9033,0,300,700,217,90.800002,90.800002,source_186
186,562.0579,677.5143,625.9033,0,700,300,217,109.700002,109.700002,source_186
186,562.0579,677.5143,625.9033,0,500,500,100,108.800001,108.800001,source_186
187,462.5969,476.8763,460.1591,0,500,500,900,76.399997,76.399997,source_187
187,462.5969,476.8763,460.1591,0,783,500,783,80.300003,80.300003,source_187
187,462.5969,476.8763,460.1591,0,500,783,783,77.600002,77.600002,source_187
187,462.5969,476.8763,460.1591,0,217,500,783,67.100003,67.100003,source_187
187,462.5969,476.8763,460.1591,0,500,217,783,71.3,71.3,source_187
187,462.5969,476.8763,460.1591,0,900,500,500,87.499999,87.499999,source_187
187,462.5969,476.8763,460.1591,0,700,846,500,85.699998,85.699998,source_187
187,462.5969,476.8763,460.1591,0,300,846,500,80.899999,80.899999,source_187
187,462.5969,476.8763,460.1591,0,100,500,500,71.3,71.3,source_187
187,462.5969,476.8763,460.1591,0,300,154,500,71.3,71.3,source_187
187,462.5969,476.8763,460.1591,0,700,154,500,80.899999,80.899999,source_187
187,462.5969,476.8763,460.1591,0,700,700,217,67.699999,67.699999,source_187
187,462.5969,476.8763,460.1591,0,300,700,217,58.699999,58.699999,source_187
187,462.5969,476.8763,460.1591,0,300,300,217,52.4,52.4,source_187
187,462.5969,476.8763,460.1591,0,700,300,217,62.3,62.3,source_187
187,462.5969,476.8763,460.1591,0,500,500,100,58.699999,58.699999,source_187
188,638.063,573.3744,504.4647,0,500,500,900,76.399997,76.399997,source_188
188,638.063,573.3744,504.4647,0,783,500,783,48.500001,48.500001,source_188
188,638.063,573.3744,504.4647,0,500,783,783,61.999999,61.999999,source_188
188,638.063,573.3744,504.4647,0,217,500,783,95.299996,95.299996,source_188
188,638.063,573.3744,504.4647,0,500,217,783,86.000003,86.000003,source_188
188,638.063,573.3744,504.4647,0,700,846,500,52.099999,52.099999,source_188
188,638.063,573.3744,504.4647,0,300,846,500,90.499997,90.499997,source_188
188,638.063,573.3744,504.4647,0,100,500,500,112.400003,112.400003,source_188
188,638.063,573.3744,504.4647,0,700,154,500,90.499997,90.499997,source_188
188,638.063,573.3744,504.4647,0,700,700,217,47.600001,47.600001,source_188
188,638.063,573.3744,504.4647,0,300,700,217,82.099997,82.099997,source_188
188,638.063,573.3744,504.4647,0,300,300,217,95.299996,95.299996,source_188
188,638.063,573.3744,504.4647,0,700,300,217,68.899997,68.899997,source_188
188,638.063,573.3744,504.4647,0,500,500,100,77.600002,77.600002,source_188
189,504.9312,406.8459,571.3043,0,500,500,900,54.499999,54.499999,source_189
189,504.9312,406.8459,571.3043,0,783,500,783,58.400001,58.400001,source_189
189,504.9312,406.8459,571.3043,0,500,783,783,77.299997,77.299997,source_189
189,504.9312,406.8459,571.3043,0,217,500,783,61.099999,61.099999,source_189
189,504.9312,406.8459,571.3043,0,500,217,783,40.399998,40.399998,source_189
189,504.9312,406.8459,571.3043,0,900,500,500,71.599998,71.599998,source_189
189,504.9312,406.8459,571.3043,0,700,846,500,99.5,99.5,source_189
189,504.9312,406.8459,571.3043,0,300,846,500,100.100003,100.100003,source_189
189,504.9312,406.8459,571.3043,0,100,500,500,73.700003,73.700003,source_189
189,504.9312,406.8459,571.3043,0,300,154,500,53.300001,53.300001,source_189
189,504.9312,406.8459,571.3043,0,700,154,500,52.4,52.4,source_189
189,504.9312,406.8459,571.3043,0,700,700,217,87.499999,87.499999,source_189
189,504.9312,406.8459,571.3043,0,300,700,217,89.900002,89.900002,source_189
189,504.9312,406.8459,571.3043,0,300,300,217,73.100001,73.100001,source_189
189,504.9312,406.8459,571.3043,0,700,300,217,73.100001,73.100001,source_189
189,504.9312,406.8459,571.3043,0,500,500,100,85.100003,85.100003,source_189
190,627.1919,432.48,436.9195,0,500,500,900,88.100001,88.100001,source_190
190,627.1919,432.48,436.9195,0,783,500,783,67.100003,67.100003,source_190
190,627.1919,432.48,436.9195,0,217,500,783,100.100003,100.100003,source_190
190,627.1919,432.48,436.9195,0,500,217,783,76.700002,76.700002,source_190
190,627.1919,432.48,436.9195,0,900,500,500,43.699998,43.699998,source_190
190,627.1919,432.48,436.9195,0,300,846,500,109.700002,109.700002,source_190
190,627.1919,432.48,436.9195,0,100,500,500,109.700002,109.700002,source_190
190,627.1919,432.48,436.9195,0,300,154,500,85.699998,85.699998,source_190
190,627.1919,432.48,436.9195,0,700,154,500,43.699998,43.699998,source_190
190,627.1919,432.48,436.9195,0,700,700,217,58.1,58.1,source_190
190,627.1919,432.48,436.9195,0,300,700,217,86.900003,86.900003,source_190
190,627.1919,432.48,436.9195,0,300,300,217,72.499998,72.499998,source_190
190,627.1919,432.48,436.9195,0,700,300,217,36.800001,36.800001,source_190
190,627.1919,432.48,436.9195,0,500,500,100,61.700001,61.700001,source_190
191,517.3809,606.185,579.613,0,500,500,900,53.9,53.9,source_191
191,517.3809,606.185,579.613,0,783,500,783,57.500001,57.500001,source_191
191,517.3809,606.185,579.613,0,500,783,783,36.800001,36.800001,source_191
191,517.3809,606.185,579.613,0,217,500,783,62.899999,62.899999,source_191
191,517.3809,606.185,579.613,0,500,217,783,78.8,78.8,source_191
191,517.3809,606.185,579.613,0,900,500,500,71.3,71.3,source_191
191,517.3809,606.185,579.613,0,700,846,500,47.600001,47.600001,source_191
191,517.3809,606.185,579.613,0,300,846,500,53.300001,53.300001,source_191
191,517.3809,606.185,579.613,0,100,500,500,77.600002,77.600002,source_191
191,517.3809,606.185,579.613,0,300,154,500,105.499998,105.499998,source_191
191,517.3809,606.185,579.613,0,700,154,500,100.100003,100.100003,source_191
191,517.3809,606.185,579.613,0,700,700,217,73.100001,73.100001,source_191
191,517.3809,606.185,579.613,0,300,700,217,76.099999,76.099999,source_191
191,517.3809,606.185,579.613,0,500,500,100,87.499999,87.499999,source_191
192,482.4231,564.036,473.0366,0,500,500,900,73.100001,73.100001,source_192
192,482.4231,564.036,473.0366,0,783,500,783,76.099999,76.099999,source_192
192,482.4231,564.036,473.0366,0,500,783,783,61.999999,61.999999,source_192
192,482.4231,564.036,473.0366,0,217,500,783,68.899997,68.899997,source_192
192,482.4231,564.036,473.0366,0,500,217,783,81.200004,81.200004,source_192
192,482.4231,564.036,473.0366,0,900,500,500,85.699998,85.699998,source_192
192,482.4231,564.036,473.0366,0,700,846,500,71.3,71.3,source_192
192,482.4231,564.036,473.0366,0,300,846,500,66.500001,66.500001,source_192
192,482.4231,564.036,473.0366,0,100,500,500,76.099999,76.099999,source_192
192,482.4231,564.036,473.0366,0,300,154,500,90.499997,90.499997,source_192
192,482.4231,564.036,473.0366,0,700,154,500,93.199998,93.199998,source_192
192,482.4231,564.036,473.0366,0,700,700,217,58.400001,58.400001,source_192
192,482.4231,564.036,473.0366,0,300,700,217,53.300001,53.300001,source_192
192,482.4231,564.036,473.0366,0,300,300,217,68.300001,68.300001,source_192
192,482.4231,564.036,473.0366,0,700,300,217,72.499998,72.499998,source_192
192,482.4231,564.036,473.0366,0,500,500,100,62.3,62.3,source_192
193,469.0787,440.3385,464.3134,0,500,500,900,76.399997,76.399997,source_193
193,469.0787,440.3385,464.3134,0,783,500,783,78.500003,78.500003,source_193
193,469.0787,440.3385,464.3134,0,500,783,783,82.099997,82.099997,source_193
193,469.0787,440.3385,464.3134,0,217,500,783,68.300001,68.300001,source_193
193,469.0787,440.3385,464.3134,0,500,217,783,65.6,65.6,source_193
193,469.0787,440.3385,464.3134,0,900,500,500,87.200001,87.200001,source_193
193,469.0787,440.3385,464.3134,0,700,846,500,94.400004,94.400004,source_193
193,469.0787,440.3385,464.3134,0,300,846,500,89.299999,89.299999,source_193
193,469.0787,440.3385,464.3134,0,100,500,500,75.800002,75.800002,source_193
193,469.0787,440.3385,464.3134,0,300,154,500,65.899998,65.899998,source_193
193,469.0787,440.3385,464.3134,0,700,154,500,74.000001,74.000001,source_193
193,469.0787,440.3385,464.3134,0,700,700,217,72.499998,72.499998,source_193
193,469.0787,440.3385,464.3134,0,300,700,217,66.500001,66.500001,source_193
193,469.0787,440.3385,464.3134,0,300,300,217,48.500001,48.500001,source_193
193,469.0787,440.3385,464.3134,0,700,300,217,58.699999,58.699999,source_193
193,469.0787,440.3385,464.3134,0,500,500,100,61.099999,61.099999,source_193
194,617.502,518.7779,429.9717,0,500,500,900,87.499999,87.499999,source_194
194,617.502,518.7779,429.9717,0,783,500,783,67.100003,67.100003,source_194
194,617.502,518.7779,429.9717,0,500,783,783,81.200004,81.200004,source_194
194,617.502,518.7779,429.9717,0,217,500,783,97.099997,97.099997,source_194
194,617.502,518.7779,429.9717,0,500,217,783,86.000003,86.000003,source_194
194,617.502,518.7779,429.9717,0,900,500,500,43.699998,43.699998,source_194
194,617.502,518.7779,429.9717,0,700,846,500,58.1,58.1,source_194
194,617.502,518.7779,429.9717,0,300,846,500,95.299996,95.299996,source_194
194,617.502,518.7779,429.9717,0,100,500,500,106.399998,106.399998,source_194
194,617.502,518.7779,429.9717,0,300,154,500,100.100003,100.100003,source_194
194,617.502,518.7779,429.9717,0,700,154,500,66.500001,66.500001,source_194
194,617.502,518.7779,429.9717,0,700,700,217,43.099999,43.099999,source_194
194,617.502,518.7779,429.9717,0,300,700,217,73.700003,73.700003,source_194
194,617.502,518.7779,429.9717,0,300,300,217,77.600002,77.600002,source_194
194,617.502,518.7779,429.9717,0,700,300,217,47.899999,47.899999,source_194
194,617.502,518.7779,429.9717,0,500,500,100,57.500001,57.500001,source_194
195,422.7342,441.0006,347.2355,0,500,500,900,104.900002,104.900002,source_195
195,422.7342,441.0006,347.2355,0,500,783,783,104.900002,104.900002,source_195
195,422.7342,441.0006,347.2355,0,217,500,783,90.499997,90.499997,source_195
195,422.7342,441.0006,347.2355,0,500,217,783,92.299998,92.299998,source_195
195,422.7342,441.0006,347.2355,0,900,500,500,107.600003,107.600003,source_195
195,422.7342,441.0006,347.2355,0,700,846,500,97.7,97.7,source_195
195,422.7342,441.0006,347.2355,0,300,846,500,82.099997,82.099997,source_195
195,422.7342,441.0006,347.2355,0,100,500,500,60.800001,60.800001,source_195
195,422.7342,441.0006,347.2355,0,300,154,500,57.500001,57.500001,source_195
195,422.7342,441.0006,347.2355,0,700,154,500,77.299997,77.299997,source_195
195,422.7342,441.0006,347.2355,0,700,700,217,71.3,71.3,source_195
195,422.7342,441.0006,347.2355,0,300,700,217,47.600001,47.600001,source_195
195,422.7342,441.0006,347.2355,0,300,300,217,27.5,27.5,source_195
195,422.7342,441.0006,347.2355,0,700,300,217,53.300001,53.300001,source_195
195,422.7342,441.0006,347.2355,0,500,500,100,36.800001,36.800001,source_195
196,515.7029,490.2254,429.1128,0,500,500,900,82.400002,82.400002,source_196
196,515.7029,490.2254,429.1128,0,783,500,783,77.600002,77.600002,source_196
196,515.7029,490.2254,429.1128,0,500,783,783,79.999998,79.999998,source_196
196,515.7029,490.2254,429.1128,0,217,500,783,81.500001,81.500001,source_196
196,515.7029,490.2254,429.1128,0,500,217,783,77.600002,77.600002,source_196
196,515.7029,490.2254,429.1128,0,900,500,500,66.500001,66.500001,source_196
196,515.7029,490.2254,429.1128,0,700,846,500,71.3,71.3,source_196
196,515.7029,490.2254,429.1128,0,300,846,500,86.000003,86.000003,source_196
196,515.7029,490.2254,429.1128,0,100,500,500,85.100003,85.100003,source_196
196,515.7029,490.2254,429.1128,0,300,154,500,71.3,71.3,source_196
196,515.7029,490.2254,429.1128,0,700,154,500,66.500001,66.500001,source_196
196,515.7029,490.2254,429.1128,0,700,700,217,56.299999,56.299999,source_196
196,515.7029,490.2254,429.1128,0,300,700,217,61.099999,61.099999,source_196
196,515.7029,490.2254,429.1128,0,300,300,217,57.500001,57.500001,source_196
196,515.7029,490.2254,429.1128,0,700,300,217,53.300001,53.300001,source_196
196,515.7029,490.2254,429.1128,0,500,500,100,52.700002,52.700002,source_196
197,517.2052,483.588,631.7972,0,500,500,900,37.999999,37.999999,source_197
197,517.2052,483.588,631.7972,0,783,500,783,46.399999,46.399999,source_197
197,517.2052,483.588,631.7972,0,500,783,783,53.300001,53.300001,source_197
197,517.2052,483.588,631.7972,0,217,500,783,53.9,53.9,source_197
197,517.2052,483.588,631.7972,0,500,217,783,46.399999,46.399999,source_197
197,517.2052,483.588,631.7972,0,900,500,500,71.599998,71.599998,source_197
197,517.2052,483.588,631.7972,0,700,846,500,76.399997,76.399997,source_197
197,517.2052,483.588,631.7972,0,300,846,500,79.999998,79.999998,source_197
197,517.2052,483.588,631.7972,0,100,500,500,79.700001,79.700001,source_197
197,517.2052,483.588,631.7972,0,300,154,500,72.499998,72.499998,source_197
197,517.2052,483.588,631.7972,0,700,154,500,67.699999,67.699999,source_197
197,517.2052,483.588,631.7972,0,700,300,217,85.699998,85.699998,source_197
197,517.2052,483.588,631.7972,0,500,500,100,95.600002,95.600002,source_197
198,529.1974,496.1686,364.0719,0,500,500,900,98.899998,98.899998,source_198
198,529.1974,496.1686,364.0719,0,783,500,783,90.499997,90.499997,source_198
198,529.1974,496.1686,364.0719,0,500,783,783,94.700001,94.700001,source_198
198,529.1974,496.1686,364.0719,0,217,500,783,95.299996,95.299996,source_198
198,529.1974,496.1686,364.0719,0,500,217,783,92.299998,92.299998,source_198
198,529.1974,496.1686,364.0719,0,900,500,500,69.200002,69.200002,source_198
198,529.1974,496.1686,364.0719,0,700,846,500,72.499998,72.499998,source_198
198,529.1974,496.1686,364.0719,0,300,846,500,80.899999,80.899999,source_198
198,529.1974,496.1686,364.0719,0,100,500,500,82.099997,82.099997,source_198
198,529.1974,496.1686,364.0719,0,300,154,500,78.8,78.8,source_198
198,529.1974,496.1686,364.0719,0,700,154,500,71.900003,71.900003,source_198
198,529.1974,496.1686,364.0719,0,700,700,217,44.300001,44.300001,source_198
198,529.1974,496.1686,364.0719,0,300,700,217,54.499999,54.499999,source_198
198,529.1974,496.1686,364.0719,0,300,300,217,53.9,53.9,source_198
198,529.1974,496.1686,364.0719,0,700,300,217,43.099999,43.099999,source_198
198,529.1974,496.1686,364.0719,0,500,500,100,36.800001,36.800001,source_198
199,431.1594,480.6923,504.2648,0,500,500,900,67.100003,67.100003,source_199
199,431.1594,480.6923,504.2648,0,783,500,783,77.600002,77.600002,source_199
199,431.1594,480.6923,504.2648,0,500,783,783,71.3,71.3,source_199
199,431.1594,480.6923,504.2648,0,217,500,783,56.000002,56.000002,source_199
199,431.1594,480.6923,504.2648,0,500,217,783,63.500002,63.500002,source_199
199,431.1594,480.6923,504.2648,0,900,500,500,95.299996,95.299996,source_199
199,431.1594,480.6923,504.2648,0,700,846,500,92.900001,92.900001,source_199
199,431.1594,480.6923,504.2648,0,300,846,500,77.600002,77.600002,source_199
199,431.1594,480.6923,504.2648,0,100,500,500,242.899999,242.899999,source_199
199,431.1594,480.6923,504.2648,0,300,154,500,71.3,71.3,source_199
199,431.1594,480.6923,504.2648,0,700,154,500,85.699998,85.699998,source_199
199,431.1594,480.6923,504.2648,0,700,700,217,77.9,77.9,source_199
199,431.1594,480.6923,504.2648,0,300,700,217,61.999999,61.999999,source_199
199,431.1594,480.6923,504.2648,0,300,300,217,57.500001,57.500001,source_199
199,431.1594,480.6923,504.2648,0,700,300,217,72.499998,72.499998,source_199
199,431.1594,480.6923,504.2648,0,500,500,100,68.300001,68.300001,source_199
200,662.634,596.8605,355.6408,0,500,500,900,112.099998,112.099998,source_200
200,662.634,596.8605,355.6408,0,783,500,783,82.699999,82.699999,source_200
200,662.634,596.8605,355.6408,0,500,783,783,94.099998,94.099998,source_200
200,662.634,596.8605,355.6408,0,500,217,783,115.699999,115.699999,source_200
200,662.634,596.8605,355.6408,0,900,500,500,42.800002,42.800002,source_200
200,662.634,596.8605,355.6408,0,700,846,500,42.800002,42.800002,source_200
200,662.634,596.8605,355.6408,0,300,846,500,86.900003,86.900003,source_200
200,662.634,596.8605,355.6408,0,100,500,500,114.500001,114.500001,source_200
200,662.634,596.8605,355.6408,0,300,154,500,129.500002,129.500002,source_200
200,662.634,596.8605,355.6408,0,700,154,500,86.000003,86.000003,source_200
200,662.634,596.8605,355.6408,0,300,700,217,71.3,71.3,source_200
200,662.634,596.8605,355.6408,0,300,300,217,91.700003,91.700003,source_200
200,662.634,596.8605,355.6408,0,700,300,217,52.700002,52.700002,source_200
200,662.634,596.8605,355.6408,0,500,500,100,48.500001,48.500001,source_200
